[
  {
    "code": "156601",
    "name": "Machine Learning (ML)",
    "department": "CSE(Networks)",
    "semester": 6,
    "faculty": "Dr. Ajay Kumar",
    "year": 2022,
    "credits": 4,
    "createdAt": "2025-12-02T18:30:00.000Z",
    "id": 43
  },
  {
    "code": "156602",
    "name": "Wireless Networks (WN)",
    "department": "CSE(Networks)",
    "semester": 6,
    "faculty": "Mr. Sandeep Kumar",
    "year": 2022,
    "credits": 3,
    "createdAt": "2025-12-02T18:30:00.000Z",
    "id": 44
  },
  {
    "code": "156603",
    "name": "Ad Hoc and Sensor Networks (ASN)",
    "department": "CSE(Networks)",
    "semester": 6,
    "faculty": "Dr. Intyaz Alam",
    "year": 2022,
    "credits": 3,
    "createdAt": "2025-12-02T18:30:00.000Z",
    "id": 45
  },
  {
    "code": "156604",
    "name": "AI and Ethics",
    "department": "CSE(Networks)",
    "semester": 6,
    "faculty": "Mr. Chandan Kumar",
    "year": 2022,
    "credits": 1,
    "createdAt": "2025-12-02T18:30:00.000Z",
    "id": 46
  },
  {
    "code": "156610",
    "name": "PEC-II (Internet and Intranet Engineering)",
    "department": "CSE(Networks)",
    "semester": 6,
    "faculty": "Mr. Rajnish Kumar",
    "year": 2022,
    "credits": 3,
    "createdAt": "2025-12-02T18:30:00.000Z",
    "id": 47
  },
  {
    "code": "156615",
    "name": "PEC-III (IoT and its Applications)",
    "department": "CSE(Networks)",
    "semester": 6,
    "faculty": "Mr. Chandan Kumar",
    "year": 2022,
    "credits": 3,
    "createdAt": "2025-12-02T18:30:00.000Z",
    "id": 48
  },
  {
    "code": "105401",
    "name": "Computer Organization & Architecture (COA)",
    "department": "Computer Science",
    "semester": 4,
    "faculty": "Dr. Intyaz Alam",
    "year": 2023,
    "credits": 3,
    "createdAt": "2025-12-02T18:30:00.000Z",
    "id": 49
  },
  {
    "code": "105402",
    "name": "Design and Analysis of Algorithms (DAA)",
    "department": "Computer Science",
    "semester": 4,
    "faculty": "Mr. Rajnish Kumar",
    "year": 2023,
    "credits": 3,
    "createdAt": "2025-12-02T18:30:00.000Z",
    "id": 50
  },
  {
    "code": "105403",
    "name": "Operating System (OS)",
    "department": "Computer Science",
    "semester": 4,
    "faculty": "Mr. Chandan Kumar",
    "year": 2023,
    "credits": 3,
    "createdAt": "2025-12-02T18:30:00.000Z",
    "id": 51
  },
  {
    "code": "100404",
    "name": "Discrete Mathematics (DM)",
    "department": "CSE(Networks)",
    "semester": 4,
    "faculty": "Dr. Rajnesh Kumar",
    "year": 2023,
    "credits": 4,
    "createdAt": "2025-12-02T18:30:00.000Z",
    "id": 52
  },
  {
    "code": "100403",
    "name": "Digital Electronics (DE)",
    "department": "Computer Science",
    "semester": 4,
    "faculty": "Ms. Nasreen Khan",
    "year": 2023,
    "credits": 3,
    "createdAt": "2025-12-02T18:30:00.000Z",
    "id": 53
  },
  {
    "code": "100407",
    "name": "Human Resource Development and Organization Behavior",
    "department": "Computer Science",
    "semester": 4,
    "faculty": "Mrs. Annu Kumari",
    "year": 2023,
    "credits": 3,
    "createdAt": "2025-12-02T18:30:00.000Z",
    "id": 54
  },
  {
    "code": "152301",
    "name": "Digital Electronics",
    "department": "Computer Science",
    "semester": 3,
    "faculty": "Mrs. Shweta Kumari",
    "year": 2024,
    "credits": 3,
    "createdAt": "2025-12-02T18:30:00.000Z",
    "id": 55
  },
  {
    "code": "152302",
    "name": "Data Structure & Algorithm",
    "department": "Computer Science",
    "semester": 3,
    "faculty": "Dr. Ajay Kumar",
    "year": 2024,
    "credits": 3,
    "createdAt": "2025-12-02T18:30:00.000Z",
    "id": 56
  },
  {
    "code": "152303",
    "name": "Object Oriented Programming Using JAVA",
    "department": "Computer Science",
    "semester": 3,
    "faculty": "Dr. Intyaz Alam",
    "year": 2024,
    "credits": 3,
    "createdAt": "2025-12-02T18:30:00.000Z",
    "id": 57
  },
  {
    "code": "152304",
    "name": "Discrete Mathematics and Graph Theory",
    "department": "Computer Science",
    "semester": 3,
    "faculty": "Dr. Rajnesh Kumar",
    "year": 2024,
    "credits": 4,
    "createdAt": "2025-12-02T18:30:00.000Z",
    "id": 58
  },
  {
    "code": "152305",
    "name": "Operating System",
    "department": "Computer Science",
    "semester": 3,
    "faculty": "Mr. Chandan Kumar",
    "year": 2024,
    "credits": 3,
    "createdAt": "2025-12-02T18:30:00.000Z",
    "id": 59
  },
  {
    "code": "152306",
    "name": "Universal Human Values",
    "department": "Computer Science",
    "semester": 3,
    "faculty": "",
    "year": 2024,
    "credits": 3,
    "createdAt": "2025-12-02T18:30:00.000Z",
    "id": 60
  },
  {
    "code": "100102",
    "name": "Engineering Mathematics-I",
    "department": "Computer Science",
    "semester": 1,
    "faculty": "Dr. Jitendra Kumar Dubey",
    "year": 2025,
    "credits": 4,
    "createdAt": "2025-12-02T18:30:00.000Z",
    "id": 61
  },
  {
    "code": "100110",
    "name": "Engineering Physics",
    "department": "Computer Science",
    "semester": 1,
    "faculty": "Dr. Nitaj Kumar Rai",
    "year": 2025,
    "credits": 3,
    "createdAt": "2025-12-02T18:30:00.000Z",
    "id": 62
  },
  {
    "code": "100111",
    "name": "Programming for Problem Solving",
    "department": "Computer Science",
    "semester": 1,
    "faculty": "Dr. Intyaz Alam",
    "year": 2025,
    "credits": 3,
    "createdAt": "2025-12-02T18:30:00.000Z",
    "id": 63
  },
  {
    "code": "100113",
    "name": "IT Workshop",
    "department": "Computer Science",
    "semester": 1,
    "faculty": "Mr. Sandeep Kumar",
    "year": 2025,
    "credits": 2,
    "createdAt": "2025-12-02T18:30:00.000Z",
    "id": 64
  },
  {
    "code": "100114",
    "name": "Basic Electronics Engineering",
    "department": "Computer Science",
    "semester": 1,
    "faculty": "Mr. Ram Pratap Singh",
    "year": 2025,
    "credits": 3,
    "createdAt": "2025-12-02T18:30:00.000Z",
    "id": 65
  },
  {
    "code": "100115",
    "name": "Swachha Bharat Mission (SBM)",
    "department": "Computer Science",
    "semester": 1,
    "faculty": "Mr. Sikander Singh",
    "year": 2025,
    "credits": 3,
    "createdAt": "2025-12-02T18:30:00.000Z",
    "id": 66
  },
  {
    "code": "156702",
    "name": "Social Network Mining",
    "department": "CSE(Networks)",
    "semester": 7,
    "faculty": "Dr. Ajay Kumar",
    "year": 4,
    "credits": 3,
    "createdAt": "2025-12-11T10:12:13.256Z",
    "id": 68
  },
  {
    "code": "100743",
    "name": "Principles of Management",
    "department": "CSE(Networks)",
    "semester": 7,
    "faculty": "Mr. Sandeep Kumar",
    "year": 4,
    "credits": 3,
    "createdAt": "2025-12-11T10:12:45.737Z",
    "id": 69
  },
  {
    "code": "100739",
    "name": "Robotics and Robot Application",
    "department": "CSE(Networks)",
    "semester": 7,
    "faculty": "Mr. Chandan Kumar",
    "year": 4,
    "credits": 3,
    "createdAt": "2025-12-11T10:13:10.708Z",
    "id": 70
  },
  {
    "code": "100708",
    "name": "Biology for Engineers",
    "department": "CSE(Networks)",
    "semester": 7,
    "faculty": "Dr. Punit Tiwari",
    "year": 4,
    "credits": 3,
    "createdAt": "2025-12-11T10:24:28.137Z",
    "id": 71
  }
]