[
  {
    "rollNo": "25152148001",
    "firstName": "Avinash",
    "lastName": "Kumar",
    "email": "N/A",
    "department": "CSE(Cyber Security)",
    "year": 1,
    "semester": 2,
    "createdAt": "2025-12-02T18:30:00.000Z",
    "id": 1590
  },
  {
    "rollNo": "25152148002",
    "firstName": "Sunny",
    "lastName": "Kumar",
    "email": "N/A",
    "department": "CSE(Cyber Security)",
    "year": 1,
    "semester": 2,
    "createdAt": "2025-12-02T18:30:00.000Z",
    "id": 1591
  },
  {
    "rollNo": "25152148003",
    "firstName": "Rishu",
    "lastName": "Mishra",
    "email": "N/A",
    "department": "CSE(Cyber Security)",
    "year": 1,
    "semester": 2,
    "createdAt": "2025-12-02T18:30:00.000Z",
    "id": 1592
  },
  {
    "rollNo": "25152148004",
    "firstName": "Himanshu",
    "lastName": "Kumar",
    "email": "N/A",
    "department": "CSE(Cyber Security)",
    "year": 1,
    "semester": 2,
    "createdAt": "2025-12-02T18:30:00.000Z",
    "id": 1593
  },
  {
    "rollNo": "25152148005",
    "firstName": "Abhirup",
    "lastName": "Kumar",
    "email": "N/A",
    "department": "CSE(Cyber Security)",
    "year": 1,
    "semester": 2,
    "createdAt": "2025-12-02T18:30:00.000Z",
    "id": 1594
  },
  {
    "rollNo": "25152148006",
    "firstName": "Arushi",
    "lastName": "Kumari",
    "email": "N/A",
    "department": "CSE(Cyber Security)",
    "year": 1,
    "semester": 2,
    "createdAt": "2025-12-02T18:30:00.000Z",
    "id": 1595
  },
  {
    "rollNo": "25152148007",
    "firstName": "Ashish",
    "lastName": "Kumar Singh",
    "email": "N/A",
    "department": "CSE(Cyber Security)",
    "year": 1,
    "semester": 2,
    "createdAt": "2025-12-02T18:30:00.000Z",
    "id": 1596
  },
  {
    "rollNo": "25152148008",
    "firstName": "Sudhakar",
    "lastName": "Tiwari",
    "email": "N/A",
    "department": "CSE(Cyber Security)",
    "year": 1,
    "semester": 2,
    "createdAt": "2025-12-02T18:30:00.000Z",
    "id": 1597
  },
  {
    "rollNo": "25152148009",
    "firstName": "Rehan",
    "lastName": "Fazal",
    "email": "N/A",
    "department": "CSE(Cyber Security)",
    "year": 1,
    "semester": 2,
    "createdAt": "2025-12-02T18:30:00.000Z",
    "id": 1598
  },
  {
    "rollNo": "25152148010",
    "firstName": "Ankit",
    "lastName": "Kumar",
    "email": "N/A",
    "department": "CSE(Cyber Security)",
    "year": 1,
    "semester": 2,
    "createdAt": "2025-12-02T18:30:00.000Z",
    "id": 1599
  },
  {
    "rollNo": "25152148011",
    "firstName": "Saurabh",
    "lastName": "Kumar Singh",
    "email": "N/A",
    "department": "CSE(Cyber Security)",
    "year": 1,
    "semester": 2,
    "createdAt": "2025-12-02T18:30:00.000Z",
    "id": 1600
  },
  {
    "rollNo": "25152148012",
    "firstName": "Manish",
    "lastName": "Kumar",
    "email": "N/A",
    "department": "CSE(Cyber Security)",
    "year": 1,
    "semester": 2,
    "createdAt": "2025-12-02T18:30:00.000Z",
    "id": 1601
  },
  {
    "rollNo": "25152148013",
    "firstName": "Abhinav",
    "lastName": "Kumar",
    "email": "N/A",
    "department": "CSE(Cyber Security)",
    "year": 1,
    "semester": 2,
    "createdAt": "2025-12-02T18:30:00.000Z",
    "id": 1602
  },
  {
    "rollNo": "25152148014",
    "firstName": "Sachin",
    "lastName": "Gupta",
    "email": "N/A",
    "department": "CSE(Cyber Security)",
    "year": 1,
    "semester": 2,
    "createdAt": "2025-12-02T18:30:00.000Z",
    "id": 1603
  },
  {
    "rollNo": "25152148015",
    "firstName": "Satyam",
    "lastName": "Kumar",
    "email": "N/A",
    "department": "CSE(Cyber Security)",
    "year": 1,
    "semester": 2,
    "createdAt": "2025-12-02T18:30:00.000Z",
    "id": 1604
  },
  {
    "rollNo": "25152148016",
    "firstName": "Vandana",
    "lastName": "Kumari",
    "email": "N/A",
    "department": "CSE(Cyber Security)",
    "year": 1,
    "semester": 2,
    "createdAt": "2025-12-02T18:30:00.000Z",
    "id": 1605
  },
  {
    "rollNo": "25152148017",
    "firstName": "Anshu",
    "lastName": "Kumari",
    "email": "N/A",
    "department": "CSE(Cyber Security)",
    "year": 1,
    "semester": 2,
    "createdAt": "2025-12-02T18:30:00.000Z",
    "id": 1606
  },
  {
    "rollNo": "25152148018",
    "firstName": "Goldi",
    "lastName": "Kumari",
    "email": "N/A",
    "department": "CSE(Cyber Security)",
    "year": 1,
    "semester": 2,
    "createdAt": "2025-12-02T18:30:00.000Z",
    "id": 1607
  },
  {
    "rollNo": "25152148019",
    "firstName": "Ananya",
    "lastName": "Tiwari",
    "email": "N/A",
    "department": "CSE(Cyber Security)",
    "year": 1,
    "semester": 2,
    "createdAt": "2025-12-02T18:30:00.000Z",
    "id": 1608
  },
  {
    "rollNo": "25152148020",
    "firstName": "Dinku",
    "lastName": "Kumari",
    "email": "N/A",
    "department": "CSE(Cyber Security)",
    "year": 1,
    "semester": 2,
    "createdAt": "2025-12-02T18:30:00.000Z",
    "id": 1609
  },
  {
    "rollNo": "25152148021",
    "firstName": "Nishu",
    "lastName": "Kumari",
    "email": "N/A",
    "department": "CSE(Cyber Security)",
    "year": 1,
    "semester": 2,
    "createdAt": "2025-12-02T18:30:00.000Z",
    "id": 1610
  },
  {
    "rollNo": "25152148022",
    "firstName": "Tushar",
    "lastName": "Kumar",
    "email": "N/A",
    "department": "CSE(Cyber Security)",
    "year": 1,
    "semester": 2,
    "createdAt": "2025-12-02T18:30:00.000Z",
    "id": 1611
  },
  {
    "rollNo": "25152148023",
    "firstName": "Jiya",
    "lastName": "Kumari",
    "email": "N/A",
    "department": "CSE(Cyber Security)",
    "year": 1,
    "semester": 2,
    "createdAt": "2025-12-02T18:30:00.000Z",
    "id": 1612
  },
  {
    "rollNo": "25152148024",
    "firstName": "Kavya",
    "lastName": "Kaushal",
    "email": "N/A",
    "department": "CSE(Cyber Security)",
    "year": 1,
    "semester": 2,
    "createdAt": "2025-12-02T18:30:00.000Z",
    "id": 1613
  },
  {
    "rollNo": "25152148025",
    "firstName": "Aryan",
    "lastName": "Srivastava",
    "email": "N/A",
    "department": "CSE(Cyber Security)",
    "year": 1,
    "semester": 2,
    "createdAt": "2025-12-02T18:30:00.000Z",
    "id": 1614
  },
  {
    "rollNo": "25156148001",
    "firstName": "Rakesh",
    "lastName": "Kumar",
    "email": "N/A",
    "department": "CSE(Networks)",
    "year": 1,
    "semester": 2,
    "createdAt": "2025-12-02T18:30:00.000Z",
    "id": 1615
  },
  {
    "rollNo": "25156148002",
    "firstName": "Priti",
    "lastName": "Kumari",
    "email": "N/A",
    "department": "CSE(Networks)",
    "year": 1,
    "semester": 2,
    "createdAt": "2025-12-02T18:30:00.000Z",
    "id": 1616
  },
  {
    "rollNo": "25156148003",
    "firstName": "Ritu",
    "lastName": "Kumari",
    "email": "N/A",
    "department": "CSE(Networks)",
    "year": 1,
    "semester": 2,
    "createdAt": "2025-12-02T18:30:00.000Z",
    "id": 1617
  },
  {
    "rollNo": "25156148004",
    "firstName": "Rahul",
    "lastName": "Kumar",
    "email": "N/A",
    "department": "CSE(Networks)",
    "year": 1,
    "semester": 2,
    "createdAt": "2025-12-02T18:30:00.000Z",
    "id": 1618
  },
  {
    "rollNo": "25156148005",
    "firstName": "Devanand",
    "lastName": "Yadav",
    "email": "N/A",
    "department": "CSE(Networks)",
    "year": 1,
    "semester": 2,
    "createdAt": "2025-12-02T18:30:00.000Z",
    "id": 1619
  },
  {
    "rollNo": "25156148006",
    "firstName": "Sumit",
    "lastName": "Kumar Sinha",
    "email": "N/A",
    "department": "CSE(Networks)",
    "year": 1,
    "semester": 2,
    "createdAt": "2025-12-02T18:30:00.000Z",
    "id": 1620
  },
  {
    "rollNo": "25156148007",
    "firstName": "Pritam",
    "lastName": "Kumar",
    "email": "N/A",
    "department": "CSE(Networks)",
    "year": 1,
    "semester": 2,
    "createdAt": "2025-12-02T18:30:00.000Z",
    "id": 1621
  },
  {
    "rollNo": "25156148008",
    "firstName": "Prem",
    "lastName": "Kumar Yadav",
    "email": "N/A",
    "department": "CSE(Networks)",
    "year": 1,
    "semester": 2,
    "createdAt": "2025-12-02T18:30:00.000Z",
    "id": 1622
  },
  {
    "rollNo": "25156148009",
    "firstName": "Abhishek",
    "lastName": "Kumar",
    "email": "N/A",
    "department": "CSE(Networks)",
    "year": 1,
    "semester": 2,
    "createdAt": "2025-12-02T18:30:00.000Z",
    "id": 1623
  },
  {
    "rollNo": "25156148010",
    "firstName": "Shishant",
    "lastName": "Pallav",
    "email": "N/A",
    "department": "CSE(Networks)",
    "year": 1,
    "semester": 2,
    "createdAt": "2025-12-02T18:30:00.000Z",
    "id": 1624
  },
  {
    "rollNo": "25156148011",
    "firstName": "Prince",
    "lastName": "Kumar",
    "email": "N/A",
    "department": "CSE(Networks)",
    "year": 1,
    "semester": 2,
    "createdAt": "2025-12-02T18:30:00.000Z",
    "id": 1625
  },
  {
    "rollNo": "25156148012",
    "firstName": "Shobhit",
    "lastName": "Kumar",
    "email": "N/A",
    "department": "CSE(Networks)",
    "year": 1,
    "semester": 2,
    "createdAt": "2025-12-02T18:30:00.000Z",
    "id": 1626
  },
  {
    "rollNo": "25156148013",
    "firstName": "Vikash",
    "lastName": "Kumar",
    "email": "N/A",
    "department": "CSE(Networks)",
    "year": 1,
    "semester": 2,
    "createdAt": "2025-12-02T18:30:00.000Z",
    "id": 1627
  },
  {
    "rollNo": "25156148014",
    "firstName": "Awrant",
    "lastName": "Kumar",
    "email": "N/A",
    "department": "CSE(Networks)",
    "year": 1,
    "semester": 2,
    "createdAt": "2025-12-02T18:30:00.000Z",
    "id": 1628
  },
  {
    "rollNo": "25156148015",
    "firstName": "Prashant",
    "lastName": "Kumar",
    "email": "N/A",
    "department": "CSE(Networks)",
    "year": 1,
    "semester": 2,
    "createdAt": "2025-12-02T18:30:00.000Z",
    "id": 1629
  },
  {
    "rollNo": "25156148016",
    "firstName": "Rohit",
    "lastName": "Kumar",
    "email": "N/A",
    "department": "CSE(Networks)",
    "year": 1,
    "semester": 2,
    "createdAt": "2025-12-02T18:30:00.000Z",
    "id": 1630
  },
  {
    "rollNo": "25156148017",
    "firstName": "Abhishek",
    "lastName": "Kumar Gupta",
    "email": "N/A",
    "department": "CSE(Networks)",
    "year": 1,
    "semester": 2,
    "createdAt": "2025-12-02T18:30:00.000Z",
    "id": 1631
  },
  {
    "rollNo": "25156148018",
    "firstName": "Vivek",
    "lastName": "Kumar",
    "email": "N/A",
    "department": "CSE(Networks)",
    "year": 1,
    "semester": 2,
    "createdAt": "2025-12-02T18:30:00.000Z",
    "id": 1632
  },
  {
    "rollNo": "25156148019",
    "firstName": "Aman",
    "lastName": "Kumar",
    "email": "N/A",
    "department": "CSE(Networks)",
    "year": 1,
    "semester": 2,
    "createdAt": "2025-12-02T18:30:00.000Z",
    "id": 1633
  },
  {
    "rollNo": "25156148020",
    "firstName": "Suman",
    "lastName": "Kumar",
    "email": "N/A",
    "department": "CSE(Networks)",
    "year": 1,
    "semester": 2,
    "createdAt": "2025-12-02T18:30:00.000Z",
    "id": 1634
  },
  {
    "rollNo": "25156148021",
    "firstName": "Priyanshu",
    "lastName": "Umesh",
    "email": "N/A",
    "department": "CSE(Networks)",
    "year": 1,
    "semester": 2,
    "createdAt": "2025-12-02T18:30:00.000Z",
    "id": 1635
  },
  {
    "rollNo": "25156148022",
    "firstName": "Aayush",
    "lastName": "Kumar",
    "email": "N/A",
    "department": "CSE(Networks)",
    "year": 1,
    "semester": 2,
    "createdAt": "2025-12-02T18:30:00.000Z",
    "id": 1636
  },
  {
    "rollNo": "25156148023",
    "firstName": "Aarav",
    "lastName": "Kumar",
    "email": "N/A",
    "department": "CSE(Networks)",
    "year": 1,
    "semester": 2,
    "createdAt": "2025-12-02T18:30:00.000Z",
    "id": 1637
  },
  {
    "rollNo": "25156148024",
    "firstName": "Aditya",
    "lastName": "Yadav",
    "email": "N/A",
    "department": "CSE(Networks)",
    "year": 1,
    "semester": 2,
    "createdAt": "2025-12-02T18:30:00.000Z",
    "id": 1638
  },
  {
    "rollNo": "25156148025",
    "firstName": "Piyush",
    "lastName": "Kumar",
    "email": "N/A",
    "department": "CSE(Networks)",
    "year": 1,
    "semester": 2,
    "createdAt": "2025-12-02T18:30:00.000Z",
    "id": 1639
  },
  {
    "rollNo": "25156148027",
    "firstName": "Sahil",
    "lastName": "Kumar",
    "email": "N/A",
    "department": "CSE(Networks)",
    "year": 1,
    "semester": 2,
    "createdAt": "2025-12-02T18:30:00.000Z",
    "id": 1640
  },
  {
    "rollNo": "25156148028",
    "firstName": "Aditya",
    "lastName": "Patel",
    "email": "N/A",
    "department": "CSE(Networks)",
    "year": 1,
    "semester": 2,
    "createdAt": "2025-12-02T18:30:00.000Z",
    "id": 1641
  },
  {
    "rollNo": "25156148029",
    "firstName": "Ritik",
    "lastName": "Kumar",
    "email": "N/A",
    "department": "CSE(Networks)",
    "year": 1,
    "semester": 2,
    "createdAt": "2025-12-02T18:30:00.000Z",
    "id": 1642
  },
  {
    "rollNo": "25156148030",
    "firstName": "Himanshu",
    "lastName": "Kumar",
    "email": "N/A",
    "department": "CSE(Networks)",
    "year": 1,
    "semester": 2,
    "createdAt": "2025-12-02T18:30:00.000Z",
    "id": 1643
  },
  {
    "rollNo": "25156148031",
    "firstName": "Shakshi",
    "lastName": "Kumari",
    "email": "N/A",
    "department": "CSE(Networks)",
    "year": 1,
    "semester": 2,
    "createdAt": "2025-12-02T18:30:00.000Z",
    "id": 1644
  },
  {
    "rollNo": "25156148032",
    "firstName": "Smriti",
    "lastName": "Singh",
    "email": "N/A",
    "department": "CSE(Networks)",
    "year": 1,
    "semester": 2,
    "createdAt": "2025-12-02T18:30:00.000Z",
    "id": 1645
  },
  {
    "rollNo": "25156148033",
    "firstName": "Anamika",
    "lastName": "Kumari",
    "email": "N/A",
    "department": "CSE(Networks)",
    "year": 1,
    "semester": 2,
    "createdAt": "2025-12-02T18:30:00.000Z",
    "id": 1646
  },
  {
    "rollNo": "25156148034",
    "firstName": "Syed",
    "lastName": "Waez Habib",
    "email": "N/A",
    "department": "CSE(Networks)",
    "year": 1,
    "semester": 2,
    "createdAt": "2025-12-02T18:30:00.000Z",
    "id": 1647
  },
  {
    "rollNo": "25156148035",
    "firstName": "Shivani",
    "lastName": "Kumari",
    "email": "N/A",
    "department": "CSE(Networks)",
    "year": 1,
    "semester": 2,
    "createdAt": "2025-12-02T18:30:00.000Z",
    "id": 1648
  },
  {
    "rollNo": "25156148036",
    "firstName": "Gaurav",
    "lastName": "Kumar",
    "email": "N/A",
    "department": "CSE(Networks)",
    "year": 1,
    "semester": 2,
    "createdAt": "2025-12-02T18:30:00.000Z",
    "id": 1649
  },
  {
    "rollNo": "25156148037",
    "firstName": "Rani",
    "lastName": "Kumari",
    "email": "N/A",
    "department": "CSE(Networks)",
    "year": 1,
    "semester": 2,
    "createdAt": "2025-12-02T18:30:00.000Z",
    "id": 1650
  },
  {
    "rollNo": "25156148038",
    "firstName": "Karan",
    "lastName": "Kumar Das",
    "email": "N/A",
    "department": "CSE(Networks)",
    "year": 1,
    "semester": 2,
    "createdAt": "2025-12-02T18:30:00.000Z",
    "id": 1651
  },
  {
    "rollNo": "25156148039",
    "firstName": "Suman",
    "lastName": "Kumar",
    "email": "N/A",
    "department": "CSE(Networks)",
    "year": 1,
    "semester": 2,
    "createdAt": "2025-12-02T18:30:00.000Z",
    "id": 1652
  },
  {
    "rollNo": "25156148040",
    "firstName": "Pushpesh",
    "lastName": "Sisodiya Pushp",
    "email": "N/A",
    "department": "CSE(Networks)",
    "year": 1,
    "semester": 2,
    "createdAt": "2025-12-02T18:30:00.000Z",
    "id": 1653
  },
  {
    "rollNo": "25156148041",
    "firstName": "Tony",
    "lastName": "Kumar",
    "email": "N/A",
    "department": "CSE(Networks)",
    "year": 1,
    "semester": 2,
    "createdAt": "2025-12-02T18:30:00.000Z",
    "id": 1654
  },
  {
    "rollNo": "25156148042",
    "firstName": "Simran",
    "lastName": "Kumari",
    "email": "N/A",
    "department": "CSE(Networks)",
    "year": 1,
    "semester": 2,
    "createdAt": "2025-12-02T18:30:00.000Z",
    "id": 1655
  },
  {
    "rollNo": "25156148043",
    "firstName": "Golu",
    "lastName": "Kumar",
    "email": "N/A",
    "department": "CSE(Networks)",
    "year": 1,
    "semester": 2,
    "createdAt": "2025-12-02T18:30:00.000Z",
    "id": 1656
  },
  {
    "rollNo": "25156148044",
    "firstName": "Neha",
    "lastName": "Kumari",
    "email": "N/A",
    "department": "CSE(Networks)",
    "year": 1,
    "semester": 2,
    "createdAt": "2025-12-02T18:30:00.000Z",
    "id": 1657
  },
  {
    "rollNo": "25156148045",
    "firstName": "Byuti",
    "lastName": "Kumari",
    "email": "N/A",
    "department": "CSE(Networks)",
    "year": 1,
    "semester": 2,
    "createdAt": "2025-12-02T18:30:00.000Z",
    "id": 1658
  },
  {
    "rollNo": "25156148046",
    "firstName": "Babli",
    "lastName": "Kumari",
    "email": "N/A",
    "department": "CSE(Networks)",
    "year": 1,
    "semester": 2,
    "createdAt": "2025-12-02T18:30:00.000Z",
    "id": 1659
  },
  {
    "rollNo": "25156148047",
    "firstName": "Kajal",
    "lastName": "Kumari",
    "email": "N/A",
    "department": "CSE(Networks)",
    "year": 1,
    "semester": 2,
    "createdAt": "2025-12-02T18:30:00.000Z",
    "id": 1660
  },
  {
    "rollNo": "25156148048",
    "firstName": "Priya",
    "lastName": "Raj",
    "email": "N/A",
    "department": "CSE(Networks)",
    "year": 1,
    "semester": 2,
    "createdAt": "2025-12-02T18:30:00.000Z",
    "id": 1661
  },
  {
    "rollNo": "23156148001",
    "firstName": "Vikram",
    "lastName": "Raj",
    "email": "vikrampatelvv18@gmail.com",
    "department": "CSE(Networks)",
    "year": 2,
    "semester": 4,
    "createdAt": "2025-12-02T18:30:00.000Z",
    "id": 1740
  },
  {
    "rollNo": "23156148002",
    "firstName": "Muskan",
    "lastName": "Bharti",
    "email": "muskanbharti2021@gmail.com",
    "department": "CSE(Networks)",
    "year": 2,
    "semester": 4,
    "createdAt": "2025-12-02T18:30:00.000Z",
    "id": 1741
  },
  {
    "rollNo": "23156148003",
    "firstName": "Ravi",
    "lastName": "Kant Saurav",
    "email": "kantsauravr@gmail.com",
    "department": "CSE(Networks)",
    "year": 2,
    "semester": 4,
    "createdAt": "2025-12-02T18:30:00.000Z",
    "id": 1742
  },
  {
    "rollNo": "23156148004",
    "firstName": "Haresh",
    "lastName": "Kumar",
    "email": "hareshkumarmth648@gmail.com",
    "department": "CSE(Networks)",
    "year": 2,
    "semester": 4,
    "createdAt": "2025-12-02T18:30:00.000Z",
    "id": 1743
  },
  {
    "rollNo": "23156148005",
    "firstName": "Akrity",
    "lastName": "Kumari",
    "email": "akritykumari12345@gmail.com",
    "department": "CSE(Networks)",
    "year": 2,
    "semester": 4,
    "createdAt": "2025-12-02T18:30:00.000Z",
    "id": 1744
  },
  {
    "rollNo": "23156148006",
    "firstName": "Shalini",
    "lastName": "Kumari",
    "email": "kumarishalini8022@gmail.com",
    "department": "CSE(Networks)",
    "year": 2,
    "semester": 4,
    "createdAt": "2025-12-02T18:30:00.000Z",
    "id": 1745
  },
  {
    "rollNo": "23156148007",
    "firstName": "Vivek",
    "lastName": "Kumar",
    "email": "vivekpal9090@gmail.com",
    "department": "CSE(Networks)",
    "year": 2,
    "semester": 4,
    "createdAt": "2025-12-02T18:30:00.000Z",
    "id": 1746
  },
  {
    "rollNo": "23156148008",
    "firstName": "Aman",
    "lastName": "Kumar",
    "email": "amankumar953411@gmail.com",
    "department": "CSE(Networks)",
    "year": 2,
    "semester": 4,
    "createdAt": "2025-12-02T18:30:00.000Z",
    "id": 1747
  },
  {
    "rollNo": "23156148009",
    "firstName": "Asmit",
    "lastName": "Raj",
    "email": "asmitraj914@gmail.com",
    "department": "CSE(Networks)",
    "year": 2,
    "semester": 4,
    "createdAt": "2025-12-02T18:30:00.000Z",
    "id": 1748
  },
  {
    "rollNo": "23156148010",
    "firstName": "Ambikesh",
    "lastName": "Kumar",
    "email": "abhiambikesh@gmail.com",
    "department": "CSE(Networks)",
    "year": 2,
    "semester": 4,
    "createdAt": "2025-12-02T18:30:00.000Z",
    "id": 1749
  },
  {
    "rollNo": "23156148011",
    "firstName": "Vishal",
    "lastName": "Kumar",
    "email": "kushwaha2005vishal@gmail.com",
    "department": "CSE(Networks)",
    "year": 2,
    "semester": 4,
    "createdAt": "2025-12-02T18:30:00.000Z",
    "id": 1750
  },
  {
    "rollNo": "23156148012",
    "firstName": "Priya",
    "lastName": "Kumari",
    "email": "priyakumari9508412@gmail.com",
    "department": "CSE(Networks)",
    "year": 2,
    "semester": 4,
    "createdAt": "2025-12-02T18:30:00.000Z",
    "id": 1751
  },
  {
    "rollNo": "23156148013",
    "firstName": "Anand",
    "lastName": "Chaubey",
    "email": "anandchaubey2006@gmail.com",
    "department": "CSE(Networks)",
    "year": 2,
    "semester": 4,
    "createdAt": "2025-12-02T18:30:00.000Z",
    "id": 1752
  },
  {
    "rollNo": "23156148014",
    "firstName": "Prince",
    "lastName": "Kumar",
    "email": "princeku9110@gmail.com",
    "department": "CSE(Networks)",
    "year": 2,
    "semester": 4,
    "createdAt": "2025-12-02T18:30:00.000Z",
    "id": 1753
  },
  {
    "rollNo": "23156148015",
    "firstName": "Neha",
    "lastName": "Kumari",
    "email": "nk802213nk@gmail.com",
    "department": "CSE(Networks)",
    "year": 2,
    "semester": 4,
    "createdAt": "2025-12-02T18:30:00.000Z",
    "id": 1754
  },
  {
    "rollNo": "23156148016",
    "firstName": "Ashutosh",
    "lastName": "Kumar Singh",
    "email": "ashutoshkumar452128555@gmail.com",
    "department": "CSE(Networks)",
    "year": 2,
    "semester": 4,
    "createdAt": "2025-12-02T18:30:00.000Z",
    "id": 1755
  },
  {
    "rollNo": "23156148017",
    "firstName": "Gaurav",
    "lastName": "Ranjan",
    "email": "gauravranjan554@gmail.com",
    "department": "CSE(Networks)",
    "year": 2,
    "semester": 4,
    "createdAt": "2025-12-02T18:30:00.000Z",
    "id": 1756
  },
  {
    "rollNo": "23156148018",
    "firstName": "Saurabh",
    "lastName": "Kumar",
    "email": "vijaysinha2551004@gmail.com",
    "department": "CSE(Networks)",
    "year": 2,
    "semester": 4,
    "createdAt": "2025-12-02T18:30:00.000Z",
    "id": 1757
  },
  {
    "rollNo": "23156148019",
    "firstName": "Shubham",
    "lastName": "Kumar",
    "email": "shubhamgofast@gmail.com",
    "department": "CSE(Networks)",
    "year": 2,
    "semester": 4,
    "createdAt": "2025-12-02T18:30:00.000Z",
    "id": 1758
  },
  {
    "rollNo": "23156148020",
    "firstName": "Rohit",
    "lastName": "Kumar",
    "email": "rohitdinkar611@gmail.com",
    "department": "CSE(Networks)",
    "year": 2,
    "semester": 4,
    "createdAt": "2025-12-02T18:30:00.000Z",
    "id": 1759
  },
  {
    "rollNo": "23156148021",
    "firstName": "Priyanshu",
    "lastName": "Kumar",
    "email": "priyanshukumar0813@gmail.com",
    "department": "CSE(Networks)",
    "year": 2,
    "semester": 4,
    "createdAt": "2025-12-02T18:30:00.000Z",
    "id": 1760
  },
  {
    "rollNo": "23156148022",
    "firstName": "Ankush",
    "lastName": "Patel",
    "email": "patelankush457@gmail.com",
    "department": "CSE(Networks)",
    "year": 2,
    "semester": 4,
    "createdAt": "2025-12-02T18:30:00.000Z",
    "id": 1761
  },
  {
    "rollNo": "23156148023",
    "firstName": "Ashwani",
    "lastName": "Kumar",
    "email": "ashwani.112005@gmail.com",
    "department": "CSE(Networks)",
    "year": 2,
    "semester": 4,
    "createdAt": "2025-12-02T18:30:00.000Z",
    "id": 1762
  },
  {
    "rollNo": "23156148024",
    "firstName": "Durgesh",
    "lastName": "Kumar",
    "email": "durgeshkumarbxr12300@gmail.com",
    "department": "CSE(Networks)",
    "year": 2,
    "semester": 4,
    "createdAt": "2025-12-02T18:30:00.000Z",
    "id": 1763
  },
  {
    "rollNo": "23156148025",
    "firstName": "Akash",
    "lastName": "Kumar",
    "email": "kumarakash63324@gmail.com",
    "department": "CSE(Networks)",
    "year": 2,
    "semester": 4,
    "createdAt": "2025-12-02T18:30:00.000Z",
    "id": 1764
  },
  {
    "rollNo": "23156148026",
    "firstName": "Raj",
    "lastName": "Kamal Sinha",
    "email": "rajkamalsinha85@gmail.com",
    "department": "CSE(Networks)",
    "year": 2,
    "semester": 4,
    "createdAt": "2025-12-02T18:30:00.000Z",
    "id": 1765
  },
  {
    "rollNo": "23156148027",
    "firstName": "Rohit",
    "lastName": "Kumar",
    "email": "ravikumardos201875@gmail.com",
    "department": "CSE(Networks)",
    "year": 2,
    "semester": 4,
    "createdAt": "2025-12-02T18:30:00.000Z",
    "id": 1766
  },
  {
    "rollNo": "23156148028",
    "firstName": "Satyam",
    "lastName": "Kumar",
    "email": "transatyam@gmail.com",
    "department": "CSE(Networks)",
    "year": 2,
    "semester": 4,
    "createdAt": "2025-12-02T18:30:00.000Z",
    "id": 1767
  },
  {
    "rollNo": "23156148029",
    "firstName": "Vicky",
    "lastName": "Kumar",
    "email": "vickykumarsingh291@gmail.com",
    "department": "CSE(Networks)",
    "year": 2,
    "semester": 4,
    "createdAt": "2025-12-02T18:30:00.000Z",
    "id": 1768
  },
  {
    "rollNo": "23156148030",
    "firstName": "Ranvir",
    "lastName": "Kumar",
    "email": "master11ranvir@gmail.com",
    "department": "CSE(Networks)",
    "year": 2,
    "semester": 4,
    "createdAt": "2025-12-02T18:30:00.000Z",
    "id": 1769
  },
  {
    "rollNo": "23156148031",
    "firstName": "Satyam",
    "lastName": "Prakash",
    "email": "satyamalok155@gmail.com",
    "department": "CSE(Networks)",
    "year": 2,
    "semester": 4,
    "createdAt": "2025-12-02T18:30:00.000Z",
    "id": 1770
  },
  {
    "rollNo": "23156148032",
    "firstName": "Himanshu",
    "lastName": "Kumar",
    "email": "himanshukrmgr1515@gmail.com",
    "department": "CSE(Networks)",
    "year": 2,
    "semester": 4,
    "createdAt": "2025-12-02T18:30:00.000Z",
    "id": 1771
  },
  {
    "rollNo": "23156148033",
    "firstName": "Aman",
    "lastName": "Kumar",
    "email": "amankumar852423814@gmail.com",
    "department": "CSE(Networks)",
    "year": 2,
    "semester": 4,
    "createdAt": "2025-12-02T18:30:00.000Z",
    "id": 1772
  },
  {
    "rollNo": "23156148034",
    "firstName": "Shashi",
    "lastName": "Kumar Sharma",
    "email": "krshashi845453@gmail.com",
    "department": "CSE(Networks)",
    "year": 2,
    "semester": 4,
    "createdAt": "2025-12-02T18:30:00.000Z",
    "id": 1773
  },
  {
    "rollNo": "23152148001",
    "firstName": "Divya",
    "lastName": "",
    "email": "N/A",
    "department": "CSE(Cyber Security)",
    "year": 2,
    "semester": 4,
    "createdAt": "2025-12-02T18:30:00.000Z",
    "id": 1774
  },
  {
    "rollNo": "23152148002",
    "firstName": "Sandeep",
    "lastName": "Kumar Gupta",
    "email": "N/A",
    "department": "CSE(Cyber Security)",
    "year": 2,
    "semester": 4,
    "createdAt": "2025-12-02T18:30:00.000Z",
    "id": 1775
  },
  {
    "rollNo": "23152148003",
    "firstName": "Aman",
    "lastName": "Kumar Dubey",
    "email": "N/A",
    "department": "CSE(Cyber Security)",
    "year": 2,
    "semester": 4,
    "createdAt": "2025-12-02T18:30:00.000Z",
    "id": 1776
  },
  {
    "rollNo": "23152148004",
    "firstName": "Satyam",
    "lastName": "Kumar",
    "email": "N/A",
    "department": "CSE(Cyber Security)",
    "year": 2,
    "semester": 4,
    "createdAt": "2025-12-02T18:30:00.000Z",
    "id": 1777
  },
  {
    "rollNo": "23152148005",
    "firstName": "Sonam",
    "lastName": "Kumari",
    "email": "N/A",
    "department": "CSE(Cyber Security)",
    "year": 2,
    "semester": 4,
    "createdAt": "2025-12-02T18:30:00.000Z",
    "id": 1778
  },
  {
    "rollNo": "23152148006",
    "firstName": "Nitish",
    "lastName": "Kumar",
    "email": "N/A",
    "department": "CSE(Cyber Security)",
    "year": 2,
    "semester": 4,
    "createdAt": "2025-12-02T18:30:00.000Z",
    "id": 1779
  },
  {
    "rollNo": "23152148007",
    "firstName": "Ankit",
    "lastName": "Kumar",
    "email": "N/A",
    "department": "CSE(Cyber Security)",
    "year": 2,
    "semester": 4,
    "createdAt": "2025-12-02T18:30:00.000Z",
    "id": 1780
  },
  {
    "rollNo": "23152148008",
    "firstName": "Aman",
    "lastName": "Pandey",
    "email": "N/A",
    "department": "CSE(Cyber Security)",
    "year": 2,
    "semester": 4,
    "createdAt": "2025-12-02T18:30:00.000Z",
    "id": 1781
  },
  {
    "rollNo": "23152148009",
    "firstName": "Utpal",
    "lastName": "Kumar",
    "email": "N/A",
    "department": "CSE(Cyber Security)",
    "year": 2,
    "semester": 4,
    "createdAt": "2025-12-02T18:30:00.000Z",
    "id": 1782
  },
  {
    "rollNo": "23152148010",
    "firstName": "Baijnath",
    "lastName": "Sah",
    "email": "N/A",
    "department": "CSE(Cyber Security)",
    "year": 2,
    "semester": 4,
    "createdAt": "2025-12-02T18:30:00.000Z",
    "id": 1783
  },
  {
    "rollNo": "23152148011",
    "firstName": "Amar",
    "lastName": "Kumar Tiwari",
    "email": "N/A",
    "department": "CSE(Cyber Security)",
    "year": 2,
    "semester": 4,
    "createdAt": "2025-12-02T18:30:00.000Z",
    "id": 1784
  },
  {
    "rollNo": "23152148012",
    "firstName": "Prince",
    "lastName": "Kumar Yadav",
    "email": "N/A",
    "department": "CSE(Cyber Security)",
    "year": 2,
    "semester": 4,
    "createdAt": "2025-12-02T18:30:00.000Z",
    "id": 1785
  },
  {
    "rollNo": "23152148013",
    "firstName": "Avinash",
    "lastName": "Kumar",
    "email": "N/A",
    "department": "CSE(Cyber Security)",
    "year": 2,
    "semester": 4,
    "createdAt": "2025-12-02T18:30:00.000Z",
    "id": 1786
  },
  {
    "rollNo": "23152148014",
    "firstName": "Divya",
    "lastName": "Kumari",
    "email": "N/A",
    "department": "CSE(Cyber Security)",
    "year": 2,
    "semester": 4,
    "createdAt": "2025-12-02T18:30:00.000Z",
    "id": 1787
  },
  {
    "rollNo": "23152148015",
    "firstName": "Satyendra",
    "lastName": "Kumar",
    "email": "N/A",
    "department": "CSE(Cyber Security)",
    "year": 2,
    "semester": 4,
    "createdAt": "2025-12-02T18:30:00.000Z",
    "id": 1788
  },
  {
    "rollNo": "23152148016",
    "firstName": "Govind",
    "lastName": "Kumar",
    "email": "N/A",
    "department": "CSE(Cyber Security)",
    "year": 2,
    "semester": 4,
    "createdAt": "2025-12-02T18:30:00.000Z",
    "id": 1789
  },
  {
    "rollNo": "23152148017",
    "firstName": "Ashish",
    "lastName": "Sharma",
    "email": "N/A",
    "department": "CSE(Cyber Security)",
    "year": 2,
    "semester": 4,
    "createdAt": "2025-12-02T18:30:00.000Z",
    "id": 1790
  },
  {
    "rollNo": "23152148018",
    "firstName": "Rani",
    "lastName": "Kumari",
    "email": "N/A",
    "department": "CSE(Cyber Security)",
    "year": 2,
    "semester": 4,
    "createdAt": "2025-12-02T18:30:00.000Z",
    "id": 1791
  },
  {
    "rollNo": "23152148019",
    "firstName": "Satyam",
    "lastName": "Kumar Verma",
    "email": "N/A",
    "department": "CSE(Cyber Security)",
    "year": 2,
    "semester": 4,
    "createdAt": "2025-12-02T18:30:00.000Z",
    "id": 1792
  },
  {
    "rollNo": "23152148020",
    "firstName": "Mahima",
    "lastName": "",
    "email": "N/A",
    "department": "CSE(Cyber Security)",
    "year": 2,
    "semester": 4,
    "createdAt": "2025-12-02T18:30:00.000Z",
    "id": 1793
  },
  {
    "rollNo": "23152148021",
    "firstName": "Akash",
    "lastName": "Kumar Tiwary",
    "email": "N/A",
    "department": "CSE(Cyber Security)",
    "year": 2,
    "semester": 4,
    "createdAt": "2025-12-02T18:30:00.000Z",
    "id": 1794
  },
  {
    "rollNo": "23152148022",
    "firstName": "Neha",
    "lastName": "Kumari",
    "email": "N/A",
    "department": "CSE(Cyber Security)",
    "year": 2,
    "semester": 4,
    "createdAt": "2025-12-02T18:30:00.000Z",
    "id": 1795
  },
  {
    "rollNo": "23152148023",
    "firstName": "Karan",
    "lastName": "Raj",
    "email": "N/A",
    "department": "CSE(Cyber Security)",
    "year": 2,
    "semester": 4,
    "createdAt": "2025-12-02T18:30:00.000Z",
    "id": 1796
  },
  {
    "rollNo": "23152148024",
    "firstName": "Md.",
    "lastName": "Sameer Alam",
    "email": "N/A",
    "department": "CSE(Cyber Security)",
    "year": 2,
    "semester": 4,
    "createdAt": "2025-12-02T18:30:00.000Z",
    "id": 1797
  },
  {
    "rollNo": "22156148001",
    "firstName": "Shantanu",
    "lastName": "Kumar",
    "email": "shantanukumar8888@gmail.com",
    "department": "CSE(Networks)",
    "year": 4,
    "semester": 7,
    "createdAt": "2025-12-02T18:30:00.000Z",
    "id": 1798
  },
  {
    "rollNo": "22156148002",
    "firstName": "Juhi",
    "lastName": "Kumari",
    "email": "juhikumari6361126947@gmail.com",
    "department": "CSE(Networks)",
    "year": 4,
    "semester": 7,
    "createdAt": "2025-12-02T18:30:00.000Z",
    "id": 1799
  },
  {
    "rollNo": "22156148003",
    "firstName": "Mohit",
    "lastName": "Kumar",
    "email": "mohitkumar57499@gmail.com",
    "department": "CSE(Networks)",
    "year": 4,
    "semester": 7,
    "createdAt": "2025-12-02T18:30:00.000Z",
    "id": 1800
  },
  {
    "rollNo": "22156148004",
    "firstName": "Neha",
    "lastName": "Kumari",
    "email": "nehakumari458755@gmail.com",
    "department": "CSE(Networks)",
    "year": 4,
    "semester": 7,
    "createdAt": "2025-12-02T18:30:00.000Z",
    "id": 1801
  },
  {
    "rollNo": "22156148005",
    "firstName": "Akshay",
    "lastName": "Kumar",
    "email": "akshayking108@gmail.com",
    "department": "CSE(Networks)",
    "year": 4,
    "semester": 7,
    "createdAt": "2025-12-02T18:30:00.000Z",
    "id": 1802
  },
  {
    "rollNo": "22156148006",
    "firstName": "Amit",
    "lastName": "Raj",
    "email": "amitraj1082003@gmail.com",
    "department": "CSE(Networks)",
    "year": 4,
    "semester": 7,
    "createdAt": "2025-12-02T18:30:00.000Z",
    "id": 1803
  },
  {
    "rollNo": "22156148007",
    "firstName": "Akash",
    "lastName": "Kumar",
    "email": "akashkumarchorahi2018@gmail.com",
    "department": "CSE(Networks)",
    "year": 4,
    "semester": 7,
    "createdAt": "2025-12-02T18:30:00.000Z",
    "id": 1804
  },
  {
    "rollNo": "22156148008",
    "firstName": "Akshay",
    "lastName": "Kumar",
    "email": "akshayaryan9905@gmail.com",
    "department": "CSE(Networks)",
    "year": 4,
    "semester": 7,
    "createdAt": "2025-12-02T18:30:00.000Z",
    "id": 1805
  },
  {
    "rollNo": "22156148009",
    "firstName": "Md",
    "lastName": "Faiyaj Alam",
    "email": "faiyajalamkpv62040@gmail.com",
    "department": "CSE(Networks)",
    "year": 4,
    "semester": 7,
    "createdAt": "2025-12-02T18:30:00.000Z",
    "id": 1806
  },
  {
    "rollNo": "22156148011",
    "firstName": "Prashant",
    "lastName": "Kumar",
    "email": "prashantkrssm43@gmail.com",
    "department": "CSE(Networks)",
    "year": 4,
    "semester": 7,
    "createdAt": "2025-12-02T18:30:00.000Z",
    "id": 1807
  },
  {
    "rollNo": "22156148012",
    "firstName": "Sakshi",
    "lastName": "Kumari",
    "email": "krisakshi179@gmail.com",
    "department": "CSE(Networks)",
    "year": 4,
    "semester": 7,
    "createdAt": "2025-12-02T18:30:00.000Z",
    "id": 1808
  },
  {
    "rollNo": "22156148013",
    "firstName": "Sumit",
    "lastName": "Kumar",
    "email": "sumit2kypatl@gmail.com",
    "department": "CSE(Networks)",
    "year": 4,
    "semester": 7,
    "createdAt": "2025-12-02T18:30:00.000Z",
    "id": 1809
  },
  {
    "rollNo": "22156148014",
    "firstName": "Gautam",
    "lastName": "Kumar",
    "email": "gkprasad84095@gmail.com",
    "department": "CSE(Networks)",
    "year": 4,
    "semester": 7,
    "createdAt": "2025-12-02T18:30:00.000Z",
    "id": 1810
  },
  {
    "rollNo": "22156148015",
    "firstName": "Saurabh",
    "lastName": "Kumar",
    "email": "saurabhthakur95085@gmail.com",
    "department": "CSE(Networks)",
    "year": 4,
    "semester": 7,
    "createdAt": "2025-12-02T18:30:00.000Z",
    "id": 1811
  },
  {
    "rollNo": "22156148016",
    "firstName": "Binit",
    "lastName": "Kumar",
    "email": "binitsingh91355@gmail.com",
    "department": "CSE(Networks)",
    "year": 4,
    "semester": 7,
    "createdAt": "2025-12-02T18:30:00.000Z",
    "id": 1812
  },
  {
    "rollNo": "22156148017",
    "firstName": "Rahul",
    "lastName": "Kumar",
    "email": "justrahul2205@gmail.com",
    "department": "CSE(Networks)",
    "year": 4,
    "semester": 7,
    "createdAt": "2025-12-02T18:30:00.000Z",
    "id": 1813
  },
  {
    "rollNo": "22156148018",
    "firstName": "Sanidhya",
    "lastName": "Sagar",
    "email": "sagarsanidhya@gmail.com",
    "department": "CSE(Networks)",
    "year": 4,
    "semester": 7,
    "createdAt": "2025-12-02T18:30:00.000Z",
    "id": 1814
  },
  {
    "rollNo": "22156148019",
    "firstName": "Raushan",
    "lastName": "Singh",
    "email": "atul62066@gmail.com",
    "department": "CSE(Networks)",
    "year": 4,
    "semester": 7,
    "createdAt": "2025-12-02T18:30:00.000Z",
    "id": 1815
  },
  {
    "rollNo": "22156148020",
    "firstName": "Bikash",
    "lastName": "Kumar Sharma",
    "email": "bks823535@gmail.com",
    "department": "CSE(Networks)",
    "year": 4,
    "semester": 7,
    "createdAt": "2025-12-02T18:30:00.000Z",
    "id": 1816
  },
  {
    "rollNo": "22156148021",
    "firstName": "Satyam",
    "lastName": "Kumar",
    "email": "satyamkumar123u@gmail.com",
    "department": "CSE(Networks)",
    "year": 4,
    "semester": 7,
    "createdAt": "2025-12-02T18:30:00.000Z",
    "id": 1817
  },
  {
    "rollNo": "22156148022",
    "firstName": "Abhishek",
    "lastName": "Kumar",
    "email": "abhishekkumar10036@gmail.com",
    "department": "CSE(Networks)",
    "year": 4,
    "semester": 7,
    "createdAt": "2025-12-02T18:30:00.000Z",
    "id": 1818
  },
  {
    "rollNo": "22156148023",
    "firstName": "Manik",
    "lastName": "Himanshu",
    "email": "manikhimanshu7310@gmail.com",
    "department": "CSE(Networks)",
    "year": 4,
    "semester": 7,
    "createdAt": "2025-12-02T18:30:00.000Z",
    "id": 1819
  },
  {
    "rollNo": "22156148024",
    "firstName": "Uttam",
    "lastName": "Singh",
    "email": "auttam2003@gmail.com",
    "department": "CSE(Networks)",
    "year": 4,
    "semester": 7,
    "createdAt": "2025-12-02T18:30:00.000Z",
    "id": 1820
  },
  {
    "rollNo": "22156148026",
    "firstName": "Subendu",
    "lastName": "Ranjan",
    "email": "subendu2003@gmail.com",
    "department": "CSE(Networks)",
    "year": 4,
    "semester": 7,
    "createdAt": "2025-12-02T18:30:00.000Z",
    "id": 1822
  },
  {
    "rollNo": "22156148027",
    "firstName": "Subodh",
    "lastName": "Kumar",
    "email": "subodhkumar31122002@gmail.com",
    "department": "CSE(Networks)",
    "year": 4,
    "semester": 7,
    "createdAt": "2025-12-02T18:30:00.000Z",
    "id": 1823
  },
  {
    "rollNo": "22156148028",
    "firstName": "Sikha",
    "lastName": "Kumari",
    "email": "sikhakumari244@gmail.com",
    "department": "CSE(Networks)",
    "year": 4,
    "semester": 7,
    "createdAt": "2025-12-02T18:30:00.000Z",
    "id": 1824
  },
  {
    "rollNo": "22156148029",
    "firstName": "Rishikesh",
    "lastName": "Kumar",
    "email": "akrinte999@gmail.com",
    "department": "CSE(Networks)",
    "year": 4,
    "semester": 7,
    "createdAt": "2025-12-02T18:30:00.000Z",
    "id": 1825
  },
  {
    "rollNo": "22156148030",
    "firstName": "Suraj",
    "lastName": "Kumar",
    "email": "skumar957025@gmail.com",
    "department": "CSE(Networks)",
    "year": 4,
    "semester": 7,
    "createdAt": "2025-12-02T18:30:00.000Z",
    "id": 1826
  },
  {
    "rollNo": "22156148031",
    "firstName": "Sangam",
    "lastName": "Kumar",
    "email": "sangamkumar093@gmail.com",
    "department": "CSE(Networks)",
    "year": 4,
    "semester": 7,
    "createdAt": "2025-12-02T18:30:00.000Z",
    "id": 1827
  },
  {
    "rollNo": "22156148032",
    "firstName": "Saba",
    "lastName": "Perween",
    "email": "sabaperween7480@gmail.com",
    "department": "CSE(Networks)",
    "year": 4,
    "semester": 7,
    "createdAt": "2025-12-02T18:30:00.000Z",
    "id": 1828
  },
  {
    "rollNo": "22156148033",
    "firstName": "Nidhi",
    "lastName": "Kumari",
    "email": "nidhitiwaryy011@gmail.com",
    "department": "CSE(Networks)",
    "year": 4,
    "semester": 7,
    "createdAt": "2025-12-02T18:30:00.000Z",
    "id": 1829
  },
  {
    "rollNo": "22156148034",
    "firstName": "Tufail",
    "lastName": "Akhtar",
    "email": "tufailakhtar12101@gmail.com",
    "department": "CSE(Networks)",
    "year": 4,
    "semester": 7,
    "createdAt": "2025-12-02T18:30:00.000Z",
    "id": 1830
  },
  {
    "rollNo": "22156148035",
    "firstName": "Sandeep",
    "lastName": "Kumar",
    "email": "sandeepk68627@gmail.com",
    "department": "CSE(Networks)",
    "year": 4,
    "semester": 7,
    "createdAt": "2025-12-02T18:30:00.000Z",
    "id": 1831
  },
  {
    "rollNo": "22156148036",
    "firstName": "Shabbar",
    "lastName": "Ali",
    "email": "sabbarali260@gmail.com",
    "department": "CSE(Networks)",
    "year": 4,
    "semester": 7,
    "createdAt": "2025-12-02T18:30:00.000Z",
    "id": 1832
  },
  {
    "rollNo": "22156148037",
    "firstName": "Shreya",
    "lastName": "Raj",
    "email": "s.momo.jh@gmail.com",
    "department": "CSE(Networks)",
    "year": 4,
    "semester": 7,
    "createdAt": "2025-12-02T18:30:00.000Z",
    "id": 1833
  },
  {
    "rollNo": "22156148038",
    "firstName": "Piyush",
    "lastName": "Kumar",
    "email": "pk9015208@gmail.com",
    "department": "CSE(Networks)",
    "year": 4,
    "semester": 7,
    "createdAt": "2025-12-02T18:30:00.000Z",
    "id": 1834
  },
  {
    "rollNo": "22156148039",
    "firstName": "Gaurav",
    "lastName": "Prakash",
    "email": "gauravprakash1143@gmail.com",
    "department": "CSE(Networks)",
    "year": 4,
    "semester": 7,
    "createdAt": "2025-12-02T18:30:00.000Z",
    "id": 1835
  },
  {
    "rollNo": "22156148040",
    "firstName": "Jeeteshwar",
    "lastName": "Shrivastava",
    "email": "jeeteshwar07@gmail.com",
    "department": "CSE(Networks)",
    "year": 4,
    "semester": 7,
    "createdAt": "2025-12-02T18:30:00.000Z",
    "id": 1836
  },
  {
    "rollNo": "22156148041",
    "firstName": "Karan",
    "lastName": "Sinha",
    "email": "karansinha473@gmail.com",
    "department": "CSE(Networks)",
    "year": 4,
    "semester": 7,
    "createdAt": "2025-12-02T18:30:00.000Z",
    "id": 1837
  },
  {
    "rollNo": "22156148042",
    "firstName": "Nandani",
    "lastName": "Bharti",
    "email": "bhartinandani390@gmail.com",
    "department": "CSE(Networks)",
    "year": 4,
    "semester": 7,
    "createdAt": "2025-12-02T18:30:00.000Z",
    "id": 1838
  },
  {
    "rollNo": "22156148044",
    "firstName": "Razeuddin",
    "lastName": "",
    "email": "raze7549@gmail.com",
    "department": "CSE(Networks)",
    "year": 4,
    "semester": 7,
    "createdAt": "2025-12-02T18:30:00.000Z",
    "id": 1840
  },
  {
    "rollNo": "22156148045",
    "firstName": "Tannu",
    "lastName": "Priya",
    "email": "tannupriya2001105@gmail.com",
    "department": "CSE(Networks)",
    "year": 4,
    "semester": 7,
    "createdAt": "2025-12-02T18:30:00.000Z",
    "id": 1841
  },
  {
    "rollNo": "22156148046",
    "firstName": "Shoeb",
    "lastName": "Akhtar",
    "email": "shoeib.a001@gmail.com",
    "department": "CSE(Networks)",
    "year": 4,
    "semester": 7,
    "createdAt": "2025-12-02T18:30:00.000Z",
    "id": 1842
  },
  {
    "rollNo": "22156148047",
    "firstName": "Shivam",
    "lastName": "Kumar",
    "email": "buntykumarsk94@gmail.com",
    "department": "CSE(Networks)",
    "year": 4,
    "semester": 7,
    "createdAt": "2025-12-02T18:30:00.000Z",
    "id": 1843
  },
  {
    "rollNo": "22156148048",
    "firstName": "Raushan",
    "lastName": "Kumar Sah",
    "email": "rajraushan6061@gmail.com",
    "department": "CSE(Networks)",
    "year": 4,
    "semester": 7,
    "createdAt": "2025-12-02T18:30:00.000Z",
    "id": 1844
  },
  {
    "rollNo": "22156148050",
    "firstName": "Rittu",
    "lastName": "Raj",
    "email": "rajritu548@gmail.com",
    "department": "CSE(Networks)",
    "year": 4,
    "semester": 7,
    "createdAt": "2025-12-02T18:30:00.000Z",
    "id": 1846
  },
  {
    "rollNo": "22156148051",
    "firstName": "Aasish",
    "lastName": "Kumar Pandey",
    "email": "aasishpandeybgp@gmail.com",
    "department": "CSE(Networks)",
    "year": 4,
    "semester": 7,
    "createdAt": "2025-12-02T18:30:00.000Z",
    "id": 1847
  },
  {
    "rollNo": "22156148052",
    "firstName": "Raviranjan",
    "lastName": "Kumar",
    "email": "raviranjankr10032000@gmail.com",
    "department": "CSE(Networks)",
    "year": 4,
    "semester": 7,
    "createdAt": "2025-12-02T18:30:00.000Z",
    "id": 1848
  },
  {
    "rollNo": "22156148053",
    "firstName": "Sonali",
    "lastName": "Kumari",
    "email": "sonalimaurya9117@gmail.com",
    "department": "CSE(Networks)",
    "year": 4,
    "semester": 7,
    "createdAt": "2025-12-02T18:30:00.000Z",
    "id": 1849
  },
  {
    "rollNo": "23156148901",
    "firstName": "Pooja",
    "lastName": "Kumari",
    "email": "poojagpkaimur@gmail.com",
    "department": "CSE(Networks)",
    "year": 4,
    "semester": 7,
    "createdAt": "2025-12-02T18:30:00.000Z",
    "id": 1850
  },
  {
    "rollNo": "23156148902",
    "firstName": "Ankit",
    "lastName": "Kumar",
    "email": "kumarankitkumar22335@gmail.com",
    "department": "CSE(Networks)",
    "year": 4,
    "semester": 7,
    "createdAt": "2025-12-02T18:30:00.000Z",
    "id": 1851
  },
  {
    "rollNo": "23156148903",
    "firstName": "Aditya",
    "lastName": "Kumar",
    "email": "adityakumar1632003@gmail.com",
    "department": "CSE(Networks)",
    "year": 4,
    "semester": 7,
    "createdAt": "2025-12-02T18:30:00.000Z",
    "id": 1852
  },
  {
    "rollNo": "23156148904",
    "firstName": "Nirmal",
    "lastName": "Kumar",
    "email": "nirmalkumar95086@gmail.com",
    "department": "CSE(Networks)",
    "year": 4,
    "semester": 7,
    "createdAt": "2025-12-02T18:30:00.000Z",
    "id": 1853
  },
  {
    "rollNo": "24152148001",
    "firstName": "Monu",
    "lastName": "Kumar",
    "email": "N/A",
    "department": "CSE(Cyber Security)",
    "year": 2,
    "semester": 3,
    "createdAt": "2025-12-04T18:25:18.789Z",
    "id": 1932
  },
  {
    "rollNo": "24152148002",
    "firstName": "Om",
    "lastName": "Prakash Kumar",
    "email": "N/A",
    "department": "CSE(Cyber Security)",
    "year": 2,
    "semester": 3,
    "createdAt": "2025-12-04T18:25:18.793Z",
    "id": 1933
  },
  {
    "rollNo": "24152148003",
    "firstName": "Sanjeev",
    "lastName": "Kumar",
    "email": "N/A",
    "department": "CSE(Cyber Security)",
    "year": 2,
    "semester": 3,
    "createdAt": "2025-12-04T18:25:18.798Z",
    "id": 1934
  },
  {
    "rollNo": "24152148004",
    "firstName": "Ritesh",
    "lastName": "Ranjan",
    "email": "N/A",
    "department": "CSE(Cyber Security)",
    "year": 2,
    "semester": 3,
    "createdAt": "2025-12-04T18:25:18.801Z",
    "id": 1935
  },
  {
    "rollNo": "24152148005",
    "firstName": "Sunny",
    "lastName": "Kumar",
    "email": "N/A",
    "department": "CSE(Cyber Security)",
    "year": 2,
    "semester": 3,
    "createdAt": "2025-12-04T18:25:18.804Z",
    "id": 1936
  },
  {
    "rollNo": "24152148006",
    "firstName": "Sumit",
    "lastName": "Kumar",
    "email": "N/A",
    "department": "CSE(Cyber Security)",
    "year": 2,
    "semester": 3,
    "createdAt": "2025-12-04T18:25:18.807Z",
    "id": 1937
  },
  {
    "rollNo": "24152148007",
    "firstName": "Ankita",
    "lastName": "Kumari",
    "email": "N/A",
    "department": "CSE(Cyber Security)",
    "year": 2,
    "semester": 3,
    "createdAt": "2025-12-04T18:25:18.810Z",
    "id": 1938
  },
  {
    "rollNo": "24152148008",
    "firstName": "Sangam",
    "lastName": "Sharma",
    "email": "N/A",
    "department": "CSE(Cyber Security)",
    "year": 2,
    "semester": 3,
    "createdAt": "2025-12-04T18:25:18.813Z",
    "id": 1939
  },
  {
    "rollNo": "24152148009",
    "firstName": "Ankit",
    "lastName": "Kumar",
    "email": "N/A",
    "department": "CSE(Cyber Security)",
    "year": 2,
    "semester": 3,
    "createdAt": "2025-12-04T18:25:18.815Z",
    "id": 1940
  },
  {
    "rollNo": "24152148010",
    "firstName": "Prince",
    "lastName": "Kumar",
    "email": "N/A",
    "department": "CSE(Cyber Security)",
    "year": 2,
    "semester": 3,
    "createdAt": "2025-12-04T18:25:18.817Z",
    "id": 1941
  },
  {
    "rollNo": "24152148011",
    "firstName": "Khushboo",
    "lastName": "Kumari",
    "email": "N/A",
    "department": "CSE(Cyber Security)",
    "year": 2,
    "semester": 3,
    "createdAt": "2025-12-04T18:25:18.820Z",
    "id": 1942
  },
  {
    "rollNo": "24152148012",
    "firstName": "Jagriti",
    "lastName": "Kumari",
    "email": "N/A",
    "department": "CSE(Cyber Security)",
    "year": 2,
    "semester": 3,
    "createdAt": "2025-12-04T18:25:18.823Z",
    "id": 1943
  },
  {
    "rollNo": "24152148013",
    "firstName": "Saurabh",
    "lastName": "Kumar",
    "email": "N/A",
    "department": "CSE(Cyber Security)",
    "year": 2,
    "semester": 3,
    "createdAt": "2025-12-04T18:25:18.825Z",
    "id": 1944
  },
  {
    "rollNo": "24152148014",
    "firstName": "Rajesh",
    "lastName": "Kumar",
    "email": "N/A",
    "department": "CSE(Cyber Security)",
    "year": 2,
    "semester": 3,
    "createdAt": "2025-12-04T18:25:18.828Z",
    "id": 1945
  },
  {
    "rollNo": "24152148015",
    "firstName": "Subhash",
    "lastName": "Chandra",
    "email": "N/A",
    "department": "CSE(Cyber Security)",
    "year": 2,
    "semester": 3,
    "createdAt": "2025-12-04T18:25:18.831Z",
    "id": 1946
  },
  {
    "rollNo": "24152148016",
    "firstName": "Hariom",
    "lastName": "Kumar Sah",
    "email": "N/A",
    "department": "CSE(Cyber Security)",
    "year": 2,
    "semester": 3,
    "createdAt": "2025-12-04T18:25:18.833Z",
    "id": 1947
  },
  {
    "rollNo": "24152148017",
    "firstName": "Akash",
    "lastName": "Kumar",
    "email": "N/A",
    "department": "CSE(Cyber Security)",
    "year": 2,
    "semester": 3,
    "createdAt": "2025-12-04T18:25:18.835Z",
    "id": 1948
  },
  {
    "rollNo": "24152148018",
    "firstName": "Ashish",
    "lastName": "Kumar Ranjan",
    "email": "N/A",
    "department": "CSE(Cyber Security)",
    "year": 2,
    "semester": 3,
    "createdAt": "2025-12-04T18:25:18.838Z",
    "id": 1949
  },
  {
    "rollNo": "24152148019",
    "firstName": "Pawan",
    "lastName": "Kumar",
    "email": "N/A",
    "department": "CSE(Cyber Security)",
    "year": 2,
    "semester": 3,
    "createdAt": "2025-12-04T18:25:18.841Z",
    "id": 1950
  },
  {
    "rollNo": "24152148020",
    "firstName": "Anand",
    "lastName": "Bhardwaj",
    "email": "N/A",
    "department": "CSE(Cyber Security)",
    "year": 2,
    "semester": 3,
    "createdAt": "2025-12-04T18:25:18.843Z",
    "id": 1951
  },
  {
    "rollNo": "24152148021",
    "firstName": "Kajal",
    "lastName": "Kumari",
    "email": "N/A",
    "department": "CSE(Cyber Security)",
    "year": 2,
    "semester": 3,
    "createdAt": "2025-12-04T18:25:18.845Z",
    "id": 1952
  },
  {
    "rollNo": "24152148022",
    "firstName": "Harsh",
    "lastName": "Prakash",
    "email": "N/A",
    "department": "CSE(Cyber Security)",
    "year": 2,
    "semester": 3,
    "createdAt": "2025-12-04T18:25:18.847Z",
    "id": 1953
  },
  {
    "rollNo": "24152148023",
    "firstName": "Manmohan",
    "lastName": "Pandey",
    "email": "N/A",
    "department": "CSE(Cyber Security)",
    "year": 2,
    "semester": 3,
    "createdAt": "2025-12-04T18:25:18.849Z",
    "id": 1954
  },
  {
    "rollNo": "24152148024",
    "firstName": "Anjali",
    "lastName": "Kumari",
    "email": "N/A",
    "department": "CSE(Cyber Security)",
    "year": 2,
    "semester": 3,
    "createdAt": "2025-12-04T18:25:18.851Z",
    "id": 1955
  },
  {
    "rollNo": "24152148025",
    "firstName": "Archana",
    "lastName": "Priya",
    "email": "N/A",
    "department": "CSE(Cyber Security)",
    "year": 2,
    "semester": 3,
    "createdAt": "2025-12-04T18:25:18.853Z",
    "id": 1956
  },
  {
    "rollNo": "24152148026",
    "firstName": "Sumit",
    "lastName": "Kumar",
    "email": "N/A",
    "department": "CSE(Cyber Security)",
    "year": 2,
    "semester": 3,
    "createdAt": "2025-12-04T18:25:18.855Z",
    "id": 1957
  },
  {
    "rollNo": "24152148027",
    "firstName": "Anisha",
    "lastName": "Kumari",
    "email": "N/A",
    "department": "CSE(Cyber Security)",
    "year": 2,
    "semester": 3,
    "createdAt": "2025-12-04T18:25:18.858Z",
    "id": 1958
  },
  {
    "rollNo": "24152148028",
    "firstName": "Ramjanam",
    "lastName": "Kumar",
    "email": "N/A",
    "department": "CSE(Cyber Security)",
    "year": 2,
    "semester": 3,
    "createdAt": "2025-12-04T18:25:18.861Z",
    "id": 1959
  },
  {
    "rollNo": "24156148001",
    "firstName": "Ayushman",
    "lastName": "Bharti",
    "email": "N/A",
    "department": "CSE(Networks)",
    "year": 2,
    "semester": 3,
    "createdAt": "2025-12-04T18:25:18.863Z",
    "id": 1960
  },
  {
    "rollNo": "24156148002",
    "firstName": "Rahul",
    "lastName": "Kumar",
    "email": "N/A",
    "department": "CSE(Networks)",
    "year": 2,
    "semester": 3,
    "createdAt": "2025-12-04T18:25:18.866Z",
    "id": 1961
  },
  {
    "rollNo": "24156148003",
    "firstName": "Ankit",
    "lastName": "Kumar",
    "email": "N/A",
    "department": "CSE(Networks)",
    "year": 2,
    "semester": 3,
    "createdAt": "2025-12-04T18:25:18.868Z",
    "id": 1962
  },
  {
    "rollNo": "24156148004",
    "firstName": "Abhishek",
    "lastName": "Kumar",
    "email": "N/A",
    "department": "CSE(Networks)",
    "year": 2,
    "semester": 3,
    "createdAt": "2025-12-04T18:25:18.870Z",
    "id": 1963
  },
  {
    "rollNo": "24156148005",
    "firstName": "Pushakar",
    "lastName": "Kumar Gautam",
    "email": "N/A",
    "department": "CSE(Networks)",
    "year": 2,
    "semester": 3,
    "createdAt": "2025-12-04T18:25:18.872Z",
    "id": 1964
  },
  {
    "rollNo": "24156148006",
    "firstName": "Shubham",
    "lastName": "Kumar",
    "email": "N/A",
    "department": "CSE(Networks)",
    "year": 2,
    "semester": 3,
    "createdAt": "2025-12-04T18:25:18.874Z",
    "id": 1965
  },
  {
    "rollNo": "24156148007",
    "firstName": "Shubham",
    "lastName": "Anand",
    "email": "N/A",
    "department": "CSE(Networks)",
    "year": 2,
    "semester": 3,
    "createdAt": "2025-12-04T18:25:18.876Z",
    "id": 1966
  },
  {
    "rollNo": "24156148008",
    "firstName": "Aditya",
    "lastName": "Rai",
    "email": "N/A",
    "department": "CSE(Networks)",
    "year": 2,
    "semester": 3,
    "createdAt": "2025-12-04T18:25:18.878Z",
    "id": 1967
  },
  {
    "rollNo": "24156148009",
    "firstName": "Md Shumail",
    "lastName": "Ghous",
    "email": "N/A",
    "department": "CSE(Networks)",
    "year": 2,
    "semester": 3,
    "createdAt": "2025-12-04T18:25:18.881Z",
    "id": 1968
  },
  {
    "rollNo": "24156148010",
    "firstName": "Utsav",
    "lastName": "Ranjan",
    "email": "N/A",
    "department": "CSE(Networks)",
    "year": 2,
    "semester": 3,
    "createdAt": "2025-12-04T18:25:18.883Z",
    "id": 1969
  },
  {
    "rollNo": "24156148011",
    "firstName": "Sonali",
    "lastName": "Kumari",
    "email": "N/A",
    "department": "CSE(Networks)",
    "year": 2,
    "semester": 3,
    "createdAt": "2025-12-04T18:25:18.884Z",
    "id": 1970
  },
  {
    "rollNo": "24156148012",
    "firstName": "Devyanshu",
    "lastName": "Kumar",
    "email": "N/A",
    "department": "CSE(Networks)",
    "year": 2,
    "semester": 3,
    "createdAt": "2025-12-04T18:25:18.886Z",
    "id": 1971
  },
  {
    "rollNo": "24156148013",
    "firstName": "Ankit",
    "lastName": "Kumar",
    "email": "N/A",
    "department": "CSE(Networks)",
    "year": 2,
    "semester": 3,
    "createdAt": "2025-12-04T18:25:18.888Z",
    "id": 1972
  },
  {
    "rollNo": "24156148014",
    "firstName": "Abhishek",
    "lastName": "Kumar",
    "email": "N/A",
    "department": "CSE(Networks)",
    "year": 2,
    "semester": 3,
    "createdAt": "2025-12-04T18:25:18.890Z",
    "id": 1973
  },
  {
    "rollNo": "24156148015",
    "firstName": "Raviranjan",
    "lastName": "Kumar",
    "email": "N/A",
    "department": "CSE(Networks)",
    "year": 2,
    "semester": 3,
    "createdAt": "2025-12-04T18:25:18.892Z",
    "id": 1974
  },
  {
    "rollNo": "24156148016",
    "firstName": "Ansh",
    "lastName": "Kumar",
    "email": "N/A",
    "department": "CSE(Networks)",
    "year": 2,
    "semester": 3,
    "createdAt": "2025-12-04T18:25:18.894Z",
    "id": 1975
  },
  {
    "rollNo": "24156148017",
    "firstName": "Isha",
    "lastName": "Mishra",
    "email": "N/A",
    "department": "CSE(Networks)",
    "year": 2,
    "semester": 3,
    "createdAt": "2025-12-04T18:25:18.896Z",
    "id": 1976
  },
  {
    "rollNo": "24156148018",
    "firstName": "Jagriti",
    "lastName": "Chaubey",
    "email": "N/A",
    "department": "CSE(Networks)",
    "year": 2,
    "semester": 3,
    "createdAt": "2025-12-04T18:25:18.898Z",
    "id": 1977
  },
  {
    "rollNo": "24156148019",
    "firstName": "Vikky",
    "lastName": "Kumar",
    "email": "N/A",
    "department": "CSE(Networks)",
    "year": 2,
    "semester": 3,
    "createdAt": "2025-12-04T18:25:18.902Z",
    "id": 1978
  },
  {
    "rollNo": "24156148020",
    "firstName": "Priyanka",
    "lastName": "Kumari Ray",
    "email": "N/A",
    "department": "CSE(Networks)",
    "year": 2,
    "semester": 3,
    "createdAt": "2025-12-04T18:25:18.906Z",
    "id": 1979
  },
  {
    "rollNo": "24156148021",
    "firstName": "Sanjana",
    "lastName": "Kumari",
    "email": "N/A",
    "department": "CSE(Networks)",
    "year": 2,
    "semester": 3,
    "createdAt": "2025-12-04T18:25:18.908Z",
    "id": 1980
  },
  {
    "rollNo": "24156148022",
    "firstName": "Sourabh",
    "lastName": "Raj",
    "email": "N/A",
    "department": "CSE(Networks)",
    "year": 2,
    "semester": 3,
    "createdAt": "2025-12-04T18:25:18.910Z",
    "id": 1981
  },
  {
    "rollNo": "24156148023",
    "firstName": "Ayush",
    "lastName": "Raj",
    "email": "N/A",
    "department": "CSE(Networks)",
    "year": 2,
    "semester": 3,
    "createdAt": "2025-12-04T18:25:18.912Z",
    "id": 1982
  },
  {
    "rollNo": "24156148024",
    "firstName": "Amit",
    "lastName": "Kumar Sah",
    "email": "N/A",
    "department": "CSE(Networks)",
    "year": 2,
    "semester": 3,
    "createdAt": "2025-12-04T18:25:18.914Z",
    "id": 1983
  },
  {
    "rollNo": "24156148025",
    "firstName": "Saniya",
    "lastName": "Kumari",
    "email": "N/A",
    "department": "CSE(Networks)",
    "year": 2,
    "semester": 3,
    "createdAt": "2025-12-04T18:25:18.916Z",
    "id": 1984
  },
  {
    "rollNo": "24156148026",
    "firstName": "Shubham",
    "lastName": "Kumar Gupta",
    "email": "N/A",
    "department": "CSE(Networks)",
    "year": 2,
    "semester": 3,
    "createdAt": "2025-12-04T18:25:18.918Z",
    "id": 1985
  },
  {
    "rollNo": "24156148027",
    "firstName": "Chanchal",
    "lastName": "Kumari",
    "email": "N/A",
    "department": "CSE(Networks)",
    "year": 2,
    "semester": 3,
    "createdAt": "2025-12-04T18:25:18.921Z",
    "id": 1986
  },
  {
    "rollNo": "24156148028",
    "firstName": "Ritesh",
    "lastName": "Kumar",
    "email": "N/A",
    "department": "CSE(Networks)",
    "year": 2,
    "semester": 3,
    "createdAt": "2025-12-04T18:25:18.923Z",
    "id": 1987
  },
  {
    "rollNo": "24156148029",
    "firstName": "Shivam",
    "lastName": "Kumar Singh",
    "email": "N/A",
    "department": "CSE(Networks)",
    "year": 2,
    "semester": 3,
    "createdAt": "2025-12-04T18:25:18.926Z",
    "id": 1988
  },
  {
    "rollNo": "24156148030",
    "firstName": "Nidhi",
    "lastName": "Kumari",
    "email": "N/A",
    "department": "CSE(Networks)",
    "year": 2,
    "semester": 3,
    "createdAt": "2025-12-04T18:25:18.928Z",
    "id": 1989
  },
  {
    "rollNo": "24156148031",
    "firstName": "Manjesh",
    "lastName": "Kumar",
    "email": "N/A",
    "department": "CSE(Networks)",
    "year": 2,
    "semester": 3,
    "createdAt": "2025-12-04T18:25:18.930Z",
    "id": 1990
  },
  {
    "rollNo": "24156148032",
    "firstName": "Anand",
    "lastName": "Kumar",
    "email": "N/A",
    "department": "CSE(Networks)",
    "year": 2,
    "semester": 3,
    "createdAt": "2025-12-04T18:25:18.932Z",
    "id": 1991
  },
  {
    "rollNo": "24156148033",
    "firstName": "Priyanshu",
    "lastName": "Kumar",
    "email": "N/A",
    "department": "CSE(Networks)",
    "year": 2,
    "semester": 3,
    "createdAt": "2025-12-04T18:25:18.934Z",
    "id": 1992
  },
  {
    "rollNo": "24156148034",
    "firstName": "Roushan",
    "lastName": "Kumar",
    "email": "N/A",
    "department": "CSE(Networks)",
    "year": 2,
    "semester": 3,
    "createdAt": "2025-12-04T18:25:18.936Z",
    "id": 1993
  },
  {
    "rollNo": "24156148035",
    "firstName": "Amit",
    "lastName": "Kumar",
    "email": "N/A",
    "department": "CSE(Networks)",
    "year": 2,
    "semester": 3,
    "createdAt": "2025-12-04T18:25:18.938Z",
    "id": 1994
  },
  {
    "rollNo": "24156148036",
    "firstName": "Ujjawal",
    "lastName": "Kumar",
    "email": "N/A",
    "department": "CSE(Networks)",
    "year": 2,
    "semester": 3,
    "createdAt": "2025-12-04T18:25:18.941Z",
    "id": 1995
  },
  {
    "rollNo": "24156148037",
    "firstName": "Saurabh",
    "lastName": "Pal",
    "email": "N/A",
    "department": "CSE(Networks)",
    "year": 2,
    "semester": 3,
    "createdAt": "2025-12-04T18:25:18.943Z",
    "id": 1996
  },
  {
    "rollNo": "24156148038",
    "firstName": "Shashikant",
    "lastName": "Kumar",
    "email": "N/A",
    "department": "CSE(Networks)",
    "year": 2,
    "semester": 3,
    "createdAt": "2025-12-04T18:25:18.945Z",
    "id": 1997
  },
  {
    "rollNo": "24156148039",
    "firstName": "Samiksha",
    "lastName": "Kumari",
    "email": "N/A",
    "department": "CSE(Networks)",
    "year": 2,
    "semester": 3,
    "createdAt": "2025-12-04T18:25:18.947Z",
    "id": 1998
  },
  {
    "rollNo": "24156148040",
    "firstName": "Sonam",
    "lastName": "Kumari",
    "email": "N/A",
    "department": "CSE(Networks)",
    "year": 2,
    "semester": 3,
    "createdAt": "2025-12-04T18:25:18.949Z",
    "id": 1999
  },
  {
    "rollNo": "24156148041",
    "firstName": "Saniya",
    "lastName": "Ara",
    "email": "N/A",
    "department": "CSE(Networks)",
    "year": 2,
    "semester": 3,
    "createdAt": "2025-12-04T18:25:18.951Z",
    "id": 2000
  },
  {
    "rollNo": "24156148042",
    "firstName": "Nidhi",
    "lastName": "Kumari",
    "email": "N/A",
    "department": "CSE(Networks)",
    "year": 2,
    "semester": 3,
    "createdAt": "2025-12-04T18:25:18.953Z",
    "id": 2001
  },
  {
    "rollNo": "24156148043",
    "firstName": "Shivam",
    "lastName": "Kumar",
    "email": "N/A",
    "department": "CSE(Networks)",
    "year": 2,
    "semester": 3,
    "createdAt": "2025-12-04T18:25:18.955Z",
    "id": 2002
  },
  {
    "rollNo": "24156148044",
    "firstName": "Agrima",
    "lastName": "Singh",
    "email": "N/A",
    "department": "CSE(Networks)",
    "year": 2,
    "semester": 3,
    "createdAt": "2025-12-04T18:25:18.957Z",
    "id": 2003
  },
  {
    "rollNo": "24156148045",
    "firstName": "Juhi",
    "lastName": "Kumari",
    "email": "N/A",
    "department": "CSE(Networks)",
    "year": 2,
    "semester": 3,
    "createdAt": "2025-12-04T18:25:18.959Z",
    "id": 2004
  },
  {
    "rollNo": "24156148046",
    "firstName": "Ritik",
    "lastName": "Kumar Bharti",
    "email": "N/A",
    "department": "CSE(Networks)",
    "year": 2,
    "semester": 3,
    "createdAt": "2025-12-04T18:25:18.961Z",
    "id": 2005
  },
  {
    "rollNo": "24156148047",
    "firstName": "Gaurav",
    "lastName": "Kumar",
    "email": "N/A",
    "department": "CSE(Networks)",
    "year": 2,
    "semester": 3,
    "createdAt": "2025-12-04T18:25:18.964Z",
    "id": 2006
  },
  {
    "rollNo": "24156148048",
    "firstName": "Satyam",
    "lastName": "Kumar Jha",
    "email": "N/A",
    "department": "CSE(Networks)",
    "year": 2,
    "semester": 3,
    "createdAt": "2025-12-04T18:25:18.966Z",
    "id": 2007
  },
  {
    "rollNo": "24156148049",
    "firstName": "Priya",
    "lastName": "Kumari",
    "email": "N/A",
    "department": "CSE(Networks)",
    "year": 2,
    "semester": 3,
    "createdAt": "2025-12-04T18:25:18.969Z",
    "id": 2008
  },
  {
    "rollNo": "24156148050",
    "firstName": "Shashwatkant",
    "lastName": "Prasad",
    "email": "N/A",
    "department": "CSE(Networks)",
    "year": 2,
    "semester": 3,
    "createdAt": "2025-12-04T18:25:18.971Z",
    "id": 2009
  }
]