classId,studentId,date,status,createdAt,id
"31","1","2025-12-03","present","2025-12-03T17:54:23.079Z","1"
"31","2","2025-12-03","present","2025-12-03T17:54:23.079Z","2"
"31","3","2025-12-03","present","2025-12-03T17:54:23.079Z","3"
"31","4","2025-12-03","present","2025-12-03T17:54:23.079Z","4"
"31","5","2025-12-03","present","2025-12-03T17:54:23.079Z","5"
"31","6","2025-12-03","present","2025-12-03T17:54:23.079Z","6"
"31","7","2025-12-03","present","2025-12-03T17:54:23.079Z","7"
"31","8","2025-12-03","present","2025-12-03T17:54:23.079Z","8"
"31","9","2025-12-03","present","2025-12-03T17:54:23.079Z","9"
"31","10","2025-12-03","present","2025-12-03T17:54:23.079Z","10"
"31","11","2025-12-03","present","2025-12-03T17:54:23.079Z","11"
"31","12","2025-12-03","absent","2025-12-03T17:54:23.079Z","12"
"31","13","2025-12-03","absent","2025-12-03T17:54:23.079Z","13"
"31","14","2025-12-03","absent","2025-12-03T17:54:23.079Z","14"
"31","15","2025-12-03","absent","2025-12-03T17:54:23.079Z","15"
"31","16","2025-12-03","absent","2025-12-03T17:54:23.079Z","16"
"31","17","2025-12-03","absent","2025-12-03T17:54:23.079Z","17"
"31","18","2025-12-03","absent","2025-12-03T17:54:23.079Z","18"
"31","19","2025-12-03","absent","2025-12-03T17:54:23.079Z","19"
"31","20","2025-12-03","absent","2025-12-03T17:54:23.079Z","20"
"31","21","2025-12-03","absent","2025-12-03T17:54:23.079Z","21"
"31","22","2025-12-03","absent","2025-12-03T17:54:23.079Z","22"
"31","23","2025-12-03","absent","2025-12-03T17:54:23.079Z","23"
"31","24","2025-12-03","absent","2025-12-03T17:54:23.079Z","24"
"31","25","2025-12-03","present","2025-12-03T17:54:23.079Z","25"
"31","26","2025-12-03","present","2025-12-03T17:54:23.079Z","26"
"31","27","2025-12-03","present","2025-12-03T17:54:23.079Z","27"
"31","28","2025-12-03","absent","2025-12-03T17:54:23.079Z","28"
"31","29","2025-12-03","present","2025-12-03T17:54:23.079Z","29"
"31","30","2025-12-03","present","2025-12-03T17:54:23.079Z","30"
"31","31","2025-12-03","absent","2025-12-03T17:54:23.079Z","31"
"31","32","2025-12-03","absent","2025-12-03T17:54:23.079Z","32"
"31","33","2025-12-03","absent","2025-12-03T17:54:23.079Z","33"
"31","34","2025-12-03","absent","2025-12-03T17:54:23.079Z","34"
"31","35","2025-12-03","absent","2025-12-03T17:54:23.079Z","35"
"31","36","2025-12-03","absent","2025-12-03T17:54:23.079Z","36"
"31","37","2025-12-03","absent","2025-12-03T17:54:23.079Z","37"
"31","38","2025-12-03","absent","2025-12-03T17:54:23.079Z","38"
"31","39","2025-12-03","present","2025-12-03T17:54:23.079Z","39"
"31","40","2025-12-03","absent","2025-12-03T17:54:23.079Z","40"
"31","41","2025-12-03","absent","2025-12-03T17:54:23.079Z","41"
"31","42","2025-12-03","absent","2025-12-03T17:54:23.079Z","42"
"31","43","2025-12-03","absent","2025-12-03T17:54:23.079Z","43"
"31","44","2025-12-03","absent","2025-12-03T17:54:23.079Z","44"
"31","45","2025-12-03","absent","2025-12-03T17:54:23.079Z","45"
"31","46","2025-12-03","absent","2025-12-03T17:54:23.079Z","46"
"31","47","2025-12-03","absent","2025-12-03T17:54:23.079Z","47"
"31","48","2025-12-03","absent","2025-12-03T17:54:23.079Z","48"
"31","49","2025-12-03","absent","2025-12-03T17:54:23.079Z","49"
"31","50","2025-12-03","absent","2025-12-03T17:54:23.079Z","50"
"31","51","2025-12-03","absent","2025-12-03T17:54:23.079Z","51"
"31","52","2025-12-03","absent","2025-12-03T17:54:23.079Z","52"
"31","53","2025-12-03","absent","2025-12-03T17:54:23.079Z","53"
"31","54","2025-12-03","absent","2025-12-03T17:54:23.079Z","54"
"31","55","2025-12-03","present","2025-12-03T17:54:23.079Z","55"
"31","56","2025-12-03","present","2025-12-03T17:54:23.079Z","56"
"19","383","2025-12-03","present","2025-12-03T18:02:01.915Z","57"
"19","384","2025-12-03","present","2025-12-03T18:02:01.915Z","58"
"19","385","2025-12-03","absent","2025-12-03T18:02:01.915Z","59"
"19","386","2025-12-03","absent","2025-12-03T18:02:01.915Z","60"
"19","387","2025-12-03","absent","2025-12-03T18:02:01.915Z","61"
"19","388","2025-12-03","absent","2025-12-03T18:02:01.915Z","62"
"19","389","2025-12-03","absent","2025-12-03T18:02:01.915Z","63"
"19","390","2025-12-03","absent","2025-12-03T18:02:01.915Z","64"
"19","391","2025-12-03","absent","2025-12-03T18:02:01.915Z","65"
"19","392","2025-12-03","absent","2025-12-03T18:02:01.915Z","66"
"19","393","2025-12-03","absent","2025-12-03T18:02:01.915Z","67"
"19","394","2025-12-03","absent","2025-12-03T18:02:01.915Z","68"
"19","395","2025-12-03","absent","2025-12-03T18:02:01.915Z","69"
"19","396","2025-12-03","absent","2025-12-03T18:02:01.915Z","70"
"19","397","2025-12-03","absent","2025-12-03T18:02:01.915Z","71"
"19","398","2025-12-03","absent","2025-12-03T18:02:01.915Z","72"
"19","399","2025-12-03","absent","2025-12-03T18:02:01.915Z","73"
"19","400","2025-12-03","absent","2025-12-03T18:02:01.915Z","74"
"19","401","2025-12-03","absent","2025-12-03T18:02:01.915Z","75"
"19","402","2025-12-03","absent","2025-12-03T18:02:01.915Z","76"
"19","403","2025-12-03","absent","2025-12-03T18:02:01.915Z","77"
"19","404","2025-12-03","absent","2025-12-03T18:02:01.915Z","78"
"19","405","2025-12-03","absent","2025-12-03T18:02:01.915Z","79"
"19","406","2025-12-03","absent","2025-12-03T18:02:01.915Z","80"
"19","383","2025-12-03","present","2025-12-03T18:02:09.366Z","81"
"19","384","2025-12-03","present","2025-12-03T18:02:09.366Z","82"
"19","385","2025-12-03","present","2025-12-03T18:02:09.366Z","83"
"19","386","2025-12-03","absent","2025-12-03T18:02:09.366Z","84"
"19","387","2025-12-03","absent","2025-12-03T18:02:09.366Z","85"
"19","388","2025-12-03","absent","2025-12-03T18:02:09.366Z","86"
"19","389","2025-12-03","absent","2025-12-03T18:02:09.366Z","87"
"19","390","2025-12-03","absent","2025-12-03T18:02:09.366Z","88"
"19","391","2025-12-03","absent","2025-12-03T18:02:09.366Z","89"
"19","392","2025-12-03","absent","2025-12-03T18:02:09.366Z","90"
"19","393","2025-12-03","absent","2025-12-03T18:02:09.366Z","91"
"19","394","2025-12-03","absent","2025-12-03T18:02:09.366Z","92"
"19","395","2025-12-03","absent","2025-12-03T18:02:09.366Z","93"
"19","396","2025-12-03","absent","2025-12-03T18:02:09.366Z","94"
"19","397","2025-12-03","absent","2025-12-03T18:02:09.366Z","95"
"19","398","2025-12-03","absent","2025-12-03T18:02:09.366Z","96"
"19","399","2025-12-03","absent","2025-12-03T18:02:09.366Z","97"
"19","400","2025-12-03","absent","2025-12-03T18:02:09.366Z","98"
"19","401","2025-12-03","absent","2025-12-03T18:02:09.366Z","99"
"19","402","2025-12-03","absent","2025-12-03T18:02:09.366Z","100"
"19","403","2025-12-03","absent","2025-12-03T18:02:09.366Z","101"
"19","404","2025-12-03","absent","2025-12-03T18:02:09.366Z","102"
"19","405","2025-12-03","absent","2025-12-03T18:02:09.366Z","103"
"19","406","2025-12-03","absent","2025-12-03T18:02:09.366Z","104"
"36","1","2025-12-03","present","2025-12-03T18:07:00.138Z","105"
"36","2","2025-12-03","present","2025-12-03T18:07:00.140Z","106"
"36","3","2025-12-03","absent","2025-12-03T18:07:00.144Z","107"
"36","4","2025-12-03","present","2025-12-03T18:07:00.145Z","108"
"36","5","2025-12-03","present","2025-12-03T18:07:00.146Z","109"
"36","6","2025-12-03","present","2025-12-03T18:07:00.147Z","110"
"36","7","2025-12-03","absent","2025-12-03T18:07:00.151Z","111"
"36","8","2025-12-03","present","2025-12-03T18:07:00.152Z","112"
"36","9","2025-12-03","present","2025-12-03T18:07:00.152Z","113"
"36","10","2025-12-03","present","2025-12-03T18:07:00.152Z","114"
"36","11","2025-12-03","absent","2025-12-03T18:07:00.153Z","115"
"36","12","2025-12-03","present","2025-12-03T18:07:00.153Z","116"
"36","13","2025-12-03","present","2025-12-03T18:07:00.154Z","117"
"36","14","2025-12-03","present","2025-12-03T18:07:00.154Z","118"
"36","15","2025-12-03","absent","2025-12-03T18:07:00.155Z","119"
"36","16","2025-12-03","present","2025-12-03T18:07:00.155Z","120"
"36","17","2025-12-03","present","2025-12-03T18:07:00.155Z","121"
"36","18","2025-12-03","present","2025-12-03T18:07:00.156Z","122"
"36","19","2025-12-03","absent","2025-12-03T18:07:00.156Z","123"
"36","20","2025-12-03","present","2025-12-03T18:07:00.156Z","124"
"36","21","2025-12-03","present","2025-12-03T18:07:00.157Z","125"
"36","22","2025-12-03","present","2025-12-03T18:07:00.157Z","126"
"36","23","2025-12-03","absent","2025-12-03T18:07:00.157Z","127"
"36","24","2025-12-03","present","2025-12-03T18:07:00.157Z","128"
"36","25","2025-12-03","present","2025-12-03T18:07:00.158Z","129"
"36","26","2025-12-03","present","2025-12-03T18:07:00.158Z","130"
"36","27","2025-12-03","absent","2025-12-03T18:07:00.158Z","131"
"36","28","2025-12-03","present","2025-12-03T18:07:00.159Z","132"
"36","29","2025-12-03","present","2025-12-03T18:07:00.159Z","133"
"36","30","2025-12-03","present","2025-12-03T18:07:00.159Z","134"
"36","31","2025-12-03","absent","2025-12-03T18:07:00.160Z","135"
"36","32","2025-12-03","present","2025-12-03T18:07:00.160Z","136"
"36","33","2025-12-03","present","2025-12-03T18:07:00.160Z","137"
"36","34","2025-12-03","present","2025-12-03T18:07:00.161Z","138"
"36","35","2025-12-03","absent","2025-12-03T18:07:00.161Z","139"
"36","36","2025-12-03","present","2025-12-03T18:07:00.161Z","140"
"36","37","2025-12-03","present","2025-12-03T18:07:00.162Z","141"
"36","38","2025-12-03","present","2025-12-03T18:07:00.162Z","142"
"36","53","2025-12-03","absent","2025-12-03T18:07:00.162Z","143"
"36","54","2025-12-03","present","2025-12-03T18:07:00.163Z","144"
"33","1","2025-12-03","present","2025-12-03T18:17:09.696Z","145"
"33","2","2025-12-03","present","2025-12-03T18:17:09.697Z","146"
"33","3","2025-12-03","absent","2025-12-03T18:17:09.698Z","147"
"33","4","2025-12-03","present","2025-12-03T18:17:09.699Z","148"
"33","5","2025-12-03","present","2025-12-03T18:17:09.699Z","149"
"33","6","2025-12-03","present","2025-12-03T18:17:09.699Z","150"
"33","7","2025-12-03","absent","2025-12-03T18:17:09.699Z","151"
"33","8","2025-12-03","present","2025-12-03T18:17:09.700Z","152"
"33","9","2025-12-03","present","2025-12-03T18:17:09.700Z","153"
"33","10","2025-12-03","present","2025-12-03T18:17:09.700Z","154"
"33","11","2025-12-03","absent","2025-12-03T18:17:09.700Z","155"
"33","12","2025-12-03","present","2025-12-03T18:17:09.701Z","156"
"33","13","2025-12-03","present","2025-12-03T18:17:09.701Z","157"
"33","14","2025-12-03","present","2025-12-03T18:17:09.702Z","158"
"33","15","2025-12-03","absent","2025-12-03T18:17:09.702Z","159"
"33","16","2025-12-03","present","2025-12-03T18:17:09.703Z","160"
"33","17","2025-12-03","present","2025-12-03T18:17:09.703Z","161"
"33","18","2025-12-03","present","2025-12-03T18:17:09.704Z","162"
"33","19","2025-12-03","absent","2025-12-03T18:17:09.704Z","163"
"33","20","2025-12-03","present","2025-12-03T18:17:09.704Z","164"
"33","21","2025-12-03","present","2025-12-03T18:17:09.705Z","165"
"33","22","2025-12-03","present","2025-12-03T18:17:09.705Z","166"
"33","23","2025-12-03","absent","2025-12-03T18:17:09.705Z","167"
"33","24","2025-12-03","present","2025-12-03T18:17:09.705Z","168"
"33","25","2025-12-03","present","2025-12-03T18:17:09.706Z","169"
"33","26","2025-12-03","present","2025-12-03T18:17:09.706Z","170"
"33","27","2025-12-03","absent","2025-12-03T18:17:09.708Z","171"
"33","28","2025-12-03","present","2025-12-03T18:17:09.709Z","172"
"33","29","2025-12-03","present","2025-12-03T18:17:09.710Z","173"
"33","30","2025-12-03","present","2025-12-03T18:17:09.710Z","174"
"33","31","2025-12-03","absent","2025-12-03T18:17:09.711Z","175"
"33","32","2025-12-03","present","2025-12-03T18:17:09.711Z","176"
"33","33","2025-12-03","present","2025-12-03T18:17:09.711Z","177"
"33","34","2025-12-03","present","2025-12-03T18:17:09.712Z","178"
"33","35","2025-12-03","absent","2025-12-03T18:17:09.712Z","179"
"33","36","2025-12-03","present","2025-12-03T18:17:09.712Z","180"
"33","37","2025-12-03","present","2025-12-03T18:17:09.712Z","181"
"33","38","2025-12-03","present","2025-12-03T18:17:09.712Z","182"
"33","53","2025-12-03","absent","2025-12-03T18:17:09.712Z","183"
"33","54","2025-12-03","present","2025-12-03T18:17:09.713Z","184"
"33","1","2025-12-03","present","2025-12-03T18:17:23.279Z","185"
"33","2","2025-12-03","present","2025-12-03T18:17:23.281Z","186"
"33","3","2025-12-03","absent","2025-12-03T18:17:23.283Z","187"
"33","4","2025-12-03","present","2025-12-03T18:17:23.285Z","188"
"33","5","2025-12-03","present","2025-12-03T18:17:23.286Z","189"
"33","6","2025-12-03","present","2025-12-03T18:17:23.286Z","190"
"33","7","2025-12-03","absent","2025-12-03T18:17:23.287Z","191"
"33","8","2025-12-03","present","2025-12-03T18:17:23.288Z","192"
"33","9","2025-12-03","present","2025-12-03T18:17:23.289Z","193"
"33","10","2025-12-03","present","2025-12-03T18:17:23.295Z","194"
"33","11","2025-12-03","absent","2025-12-03T18:17:23.296Z","195"
"33","12","2025-12-03","present","2025-12-03T18:17:23.297Z","196"
"33","13","2025-12-03","present","2025-12-03T18:17:23.299Z","197"
"33","14","2025-12-03","present","2025-12-03T18:17:23.300Z","198"
"33","15","2025-12-03","absent","2025-12-03T18:17:23.301Z","199"
"33","16","2025-12-03","present","2025-12-03T18:17:23.302Z","200"
"33","17","2025-12-03","present","2025-12-03T18:17:23.302Z","201"
"33","18","2025-12-03","present","2025-12-03T18:17:23.303Z","202"
"33","19","2025-12-03","absent","2025-12-03T18:17:23.303Z","203"
"33","20","2025-12-03","present","2025-12-03T18:17:23.304Z","204"
"33","21","2025-12-03","present","2025-12-03T18:17:23.304Z","205"
"33","22","2025-12-03","present","2025-12-03T18:17:23.305Z","206"
"33","23","2025-12-03","absent","2025-12-03T18:17:23.305Z","207"
"33","24","2025-12-03","present","2025-12-03T18:17:23.306Z","208"
"33","25","2025-12-03","present","2025-12-03T18:17:23.307Z","209"
"33","26","2025-12-03","present","2025-12-03T18:17:23.310Z","210"
"33","27","2025-12-03","absent","2025-12-03T18:17:23.311Z","211"
"33","28","2025-12-03","present","2025-12-03T18:17:23.312Z","212"
"33","29","2025-12-03","present","2025-12-03T18:17:23.313Z","213"
"33","30","2025-12-03","present","2025-12-03T18:17:23.314Z","214"
"33","31","2025-12-03","absent","2025-12-03T18:17:23.315Z","215"
"33","32","2025-12-03","present","2025-12-03T18:17:23.315Z","216"
"33","33","2025-12-03","present","2025-12-03T18:17:23.316Z","217"
"33","34","2025-12-03","present","2025-12-03T18:17:23.317Z","218"
"33","35","2025-12-03","absent","2025-12-03T18:17:23.318Z","219"
"33","36","2025-12-03","present","2025-12-03T18:17:23.319Z","220"
"33","37","2025-12-03","present","2025-12-03T18:17:23.319Z","221"
"33","38","2025-12-03","present","2025-12-03T18:17:23.320Z","222"
"33","53","2025-12-03","absent","2025-12-03T18:17:23.320Z","223"
"33","54","2025-12-03","present","2025-12-03T18:17:23.321Z","224"
"33","1","2025-12-03","present","2025-12-03T18:17:26.066Z","225"
"33","2","2025-12-03","present","2025-12-03T18:17:26.066Z","226"
"33","3","2025-12-03","absent","2025-12-03T18:17:26.066Z","227"
"33","4","2025-12-03","present","2025-12-03T18:17:26.066Z","228"
"33","5","2025-12-03","present","2025-12-03T18:17:26.066Z","229"
"33","6","2025-12-03","present","2025-12-03T18:17:26.066Z","230"
"33","7","2025-12-03","absent","2025-12-03T18:17:26.066Z","231"
"33","8","2025-12-03","present","2025-12-03T18:17:26.066Z","232"
"33","9","2025-12-03","present","2025-12-03T18:17:26.066Z","233"
"33","10","2025-12-03","present","2025-12-03T18:17:26.066Z","234"
"33","11","2025-12-03","absent","2025-12-03T18:17:26.066Z","235"
"33","12","2025-12-03","present","2025-12-03T18:17:26.066Z","236"
"33","13","2025-12-03","present","2025-12-03T18:17:26.066Z","237"
"33","14","2025-12-03","present","2025-12-03T18:17:26.066Z","238"
"33","15","2025-12-03","absent","2025-12-03T18:17:26.066Z","239"
"33","16","2025-12-03","present","2025-12-03T18:17:26.066Z","240"
"33","17","2025-12-03","present","2025-12-03T18:17:26.066Z","241"
"33","18","2025-12-03","present","2025-12-03T18:17:26.066Z","242"
"33","19","2025-12-03","absent","2025-12-03T18:17:26.066Z","243"
"33","20","2025-12-03","present","2025-12-03T18:17:26.066Z","244"
"33","21","2025-12-03","present","2025-12-03T18:17:26.066Z","245"
"33","22","2025-12-03","present","2025-12-03T18:17:26.066Z","246"
"33","23","2025-12-03","absent","2025-12-03T18:17:26.066Z","247"
"33","24","2025-12-03","present","2025-12-03T18:17:26.066Z","248"
"33","25","2025-12-03","present","2025-12-03T18:17:26.066Z","249"
"33","26","2025-12-03","present","2025-12-03T18:17:26.066Z","250"
"33","27","2025-12-03","absent","2025-12-03T18:17:26.066Z","251"
"33","28","2025-12-03","present","2025-12-03T18:17:26.066Z","252"
"33","29","2025-12-03","present","2025-12-03T18:17:26.066Z","253"
"33","30","2025-12-03","present","2025-12-03T18:17:26.066Z","254"
"33","31","2025-12-03","absent","2025-12-03T18:17:26.066Z","255"
"33","32","2025-12-03","present","2025-12-03T18:17:26.066Z","256"
"33","33","2025-12-03","present","2025-12-03T18:17:26.066Z","257"
"33","34","2025-12-03","present","2025-12-03T18:17:26.066Z","258"
"33","35","2025-12-03","absent","2025-12-03T18:17:26.066Z","259"
"33","36","2025-12-03","present","2025-12-03T18:17:26.066Z","260"
"33","37","2025-12-03","present","2025-12-03T18:17:26.066Z","261"
"33","38","2025-12-03","present","2025-12-03T18:17:26.066Z","262"
"33","39","2025-12-03","absent","2025-12-03T18:17:26.066Z","263"
"33","40","2025-12-03","absent","2025-12-03T18:17:26.066Z","264"
"33","41","2025-12-03","absent","2025-12-03T18:17:26.066Z","265"
"33","42","2025-12-03","absent","2025-12-03T18:17:26.066Z","266"
"33","43","2025-12-03","absent","2025-12-03T18:17:26.066Z","267"
"33","44","2025-12-03","absent","2025-12-03T18:17:26.066Z","268"
"33","45","2025-12-03","absent","2025-12-03T18:17:26.066Z","269"
"33","46","2025-12-03","absent","2025-12-03T18:17:26.066Z","270"
"33","47","2025-12-03","absent","2025-12-03T18:17:26.066Z","271"
"33","48","2025-12-03","absent","2025-12-03T18:17:26.066Z","272"
"33","49","2025-12-03","absent","2025-12-03T18:17:26.066Z","273"
"33","50","2025-12-03","absent","2025-12-03T18:17:26.066Z","274"
"33","51","2025-12-03","absent","2025-12-03T18:17:26.066Z","275"
"33","52","2025-12-03","absent","2025-12-03T18:17:26.066Z","276"
"33","53","2025-12-03","absent","2025-12-03T18:17:26.066Z","277"
"33","54","2025-12-03","present","2025-12-03T18:17:26.066Z","278"
"33","55","2025-12-03","absent","2025-12-03T18:17:26.066Z","279"
"33","56","2025-12-03","absent","2025-12-03T18:17:26.066Z","280"
"33","1","2025-08-28","present","2025-12-03T18:26:27.906Z","281"
"33","2","2025-08-28","present","2025-12-03T18:26:27.906Z","282"
"33","3","2025-08-28","absent","2025-12-03T18:26:27.906Z","283"
"33","4","2025-08-28","present","2025-12-03T18:26:27.906Z","284"
"33","5","2025-08-28","present","2025-12-03T18:26:27.906Z","285"
"33","6","2025-08-28","present","2025-12-03T18:26:27.906Z","286"
"33","7","2025-08-28","absent","2025-12-03T18:26:27.906Z","287"
"33","8","2025-08-28","present","2025-12-03T18:26:27.907Z","288"
"33","9","2025-08-28","present","2025-12-03T18:26:27.907Z","289"
"33","10","2025-08-28","present","2025-12-03T18:26:27.907Z","290"
"33","11","2025-08-28","absent","2025-12-03T18:26:27.907Z","291"
"33","12","2025-08-28","present","2025-12-03T18:26:27.907Z","292"
"33","13","2025-08-28","present","2025-12-03T18:26:27.907Z","293"
"33","14","2025-08-28","present","2025-12-03T18:26:27.907Z","294"
"33","15","2025-08-28","absent","2025-12-03T18:26:27.907Z","295"
"33","16","2025-08-28","present","2025-12-03T18:26:27.907Z","296"
"33","17","2025-08-28","present","2025-12-03T18:26:27.907Z","297"
"33","18","2025-08-28","present","2025-12-03T18:26:27.907Z","298"
"33","19","2025-08-28","absent","2025-12-03T18:26:27.907Z","299"
"33","20","2025-08-28","present","2025-12-03T18:26:27.907Z","300"
"33","21","2025-08-28","present","2025-12-03T18:26:27.907Z","301"
"33","22","2025-08-28","present","2025-12-03T18:26:27.907Z","302"
"33","23","2025-08-28","absent","2025-12-03T18:26:27.907Z","303"
"33","24","2025-08-28","present","2025-12-03T18:26:27.907Z","304"
"33","25","2025-08-28","present","2025-12-03T18:26:27.907Z","305"
"33","26","2025-08-28","present","2025-12-03T18:26:27.907Z","306"
"33","27","2025-08-28","absent","2025-12-03T18:26:27.907Z","307"
"33","28","2025-08-28","present","2025-12-03T18:26:27.907Z","308"
"33","29","2025-08-28","present","2025-12-03T18:26:27.907Z","309"
"33","30","2025-08-28","present","2025-12-03T18:26:27.907Z","310"
"33","31","2025-08-28","absent","2025-12-03T18:26:27.907Z","311"
"33","32","2025-08-28","present","2025-12-03T18:26:27.907Z","312"
"33","33","2025-08-28","present","2025-12-03T18:26:27.907Z","313"
"33","34","2025-08-28","present","2025-12-03T18:26:27.907Z","314"
"33","35","2025-08-28","absent","2025-12-03T18:26:27.907Z","315"
"33","36","2025-08-28","present","2025-12-03T18:26:27.907Z","316"
"33","37","2025-08-28","present","2025-12-03T18:26:27.907Z","317"
"33","38","2025-08-28","present","2025-12-03T18:26:27.907Z","318"
"33","53","2025-08-28","absent","2025-12-03T18:26:27.907Z","319"
"33","54","2025-08-28","present","2025-12-03T18:26:27.908Z","320"
"33","39","2025-08-28","absent","2025-12-03T18:26:27.907Z","321"
"33","40","2025-08-28","absent","2025-12-03T18:26:27.907Z","322"
"33","41","2025-08-28","absent","2025-12-03T18:26:27.907Z","323"
"33","42","2025-08-28","absent","2025-12-03T18:26:27.907Z","324"
"33","43","2025-08-28","absent","2025-12-03T18:26:27.907Z","325"
"33","44","2025-08-28","absent","2025-12-03T18:26:27.907Z","326"
"33","45","2025-08-28","absent","2025-12-03T18:26:27.907Z","327"
"33","46","2025-08-28","absent","2025-12-03T18:26:27.907Z","328"
"33","47","2025-08-28","absent","2025-12-03T18:26:27.907Z","329"
"33","48","2025-08-28","absent","2025-12-03T18:26:27.907Z","330"
"33","49","2025-08-28","absent","2025-12-03T18:26:27.907Z","331"
"33","50","2025-08-28","absent","2025-12-03T18:26:27.907Z","332"
"33","51","2025-08-28","absent","2025-12-03T18:26:27.907Z","333"
"33","52","2025-08-28","absent","2025-12-03T18:26:27.907Z","334"
"33","55","2025-08-28","absent","2025-12-03T18:26:27.908Z","335"
"33","56","2025-08-28","absent","2025-12-03T18:26:27.908Z","336"
"31","1","2025-08-28","present","2025-12-03T18:28:04.355Z","337"
"31","2","2025-08-28","present","2025-12-03T18:28:04.355Z","338"
"31","3","2025-08-28","absent","2025-12-03T18:28:04.355Z","339"
"31","4","2025-08-28","present","2025-12-03T18:28:04.355Z","340"
"31","5","2025-08-28","present","2025-12-03T18:28:04.355Z","341"
"31","6","2025-08-28","present","2025-12-03T18:28:04.355Z","342"
"31","7","2025-08-28","absent","2025-12-03T18:28:04.355Z","343"
"31","8","2025-08-28","present","2025-12-03T18:28:04.355Z","344"
"31","9","2025-08-28","present","2025-12-03T18:28:04.355Z","345"
"31","10","2025-08-28","present","2025-12-03T18:28:04.355Z","346"
"31","11","2025-08-28","absent","2025-12-03T18:28:04.355Z","347"
"31","12","2025-08-28","present","2025-12-03T18:28:04.355Z","348"
"31","13","2025-08-28","present","2025-12-03T18:28:04.355Z","349"
"31","14","2025-08-28","present","2025-12-03T18:28:04.355Z","350"
"31","15","2025-08-28","absent","2025-12-03T18:28:04.355Z","351"
"31","16","2025-08-28","present","2025-12-03T18:28:04.355Z","352"
"31","17","2025-08-28","present","2025-12-03T18:28:04.355Z","353"
"31","18","2025-08-28","present","2025-12-03T18:28:04.355Z","354"
"31","19","2025-08-28","absent","2025-12-03T18:28:04.355Z","355"
"31","20","2025-08-28","present","2025-12-03T18:28:04.356Z","356"
"31","21","2025-08-28","present","2025-12-03T18:28:04.356Z","357"
"31","22","2025-08-28","present","2025-12-03T18:28:04.356Z","358"
"31","23","2025-08-28","absent","2025-12-03T18:28:04.356Z","359"
"31","24","2025-08-28","present","2025-12-03T18:28:04.356Z","360"
"31","25","2025-08-28","present","2025-12-03T18:28:04.356Z","361"
"31","26","2025-08-28","present","2025-12-03T18:28:04.356Z","362"
"31","27","2025-08-28","absent","2025-12-03T18:28:04.356Z","363"
"31","28","2025-08-28","present","2025-12-03T18:28:04.356Z","364"
"31","29","2025-08-28","present","2025-12-03T18:28:04.356Z","365"
"31","30","2025-08-28","present","2025-12-03T18:28:04.356Z","366"
"31","31","2025-08-28","absent","2025-12-03T18:28:04.356Z","367"
"31","32","2025-08-28","present","2025-12-03T18:28:04.356Z","368"
"31","33","2025-08-28","present","2025-12-03T18:28:04.356Z","369"
"31","34","2025-08-28","present","2025-12-03T18:28:04.356Z","370"
"31","35","2025-08-28","absent","2025-12-03T18:28:04.356Z","371"
"31","36","2025-08-28","present","2025-12-03T18:28:04.356Z","372"
"31","37","2025-08-28","present","2025-12-03T18:28:04.356Z","373"
"31","38","2025-08-28","present","2025-12-03T18:28:04.356Z","374"
"31","53","2025-08-28","present","2025-12-03T18:28:04.356Z","375"
"31","54","2025-08-28","present","2025-12-03T18:28:04.356Z","376"
"31","39","2025-08-28","absent","2025-12-03T18:28:04.356Z","377"
"31","40","2025-08-28","absent","2025-12-03T18:28:04.356Z","378"
"31","41","2025-08-28","absent","2025-12-03T18:28:04.356Z","379"
"31","42","2025-08-28","absent","2025-12-03T18:28:04.356Z","380"
"31","43","2025-08-28","absent","2025-12-03T18:28:04.356Z","381"
"31","44","2025-08-28","absent","2025-12-03T18:28:04.356Z","382"
"31","45","2025-08-28","absent","2025-12-03T18:28:04.356Z","383"
"31","46","2025-08-28","absent","2025-12-03T18:28:04.356Z","384"
"31","47","2025-08-28","absent","2025-12-03T18:28:04.356Z","385"
"31","48","2025-08-28","absent","2025-12-03T18:28:04.356Z","386"
"31","49","2025-08-28","absent","2025-12-03T18:28:04.356Z","387"
"31","50","2025-08-28","absent","2025-12-03T18:28:04.356Z","388"
"31","51","2025-08-28","absent","2025-12-03T18:28:04.356Z","389"
"31","52","2025-08-28","absent","2025-12-03T18:28:04.356Z","390"
"31","55","2025-08-28","absent","2025-12-03T18:28:04.356Z","391"
"31","56","2025-08-28","absent","2025-12-03T18:28:04.356Z","392"
"33","1","2025-08-25","present","2025-12-03T18:40:08.356Z","393"
"33","2","2025-08-25","present","2025-12-03T18:40:08.359Z","394"
"33","3","2025-08-25","absent","2025-12-03T18:40:08.360Z","395"
"33","4","2025-08-25","present","2025-12-03T18:40:08.361Z","396"
"33","5","2025-08-25","present","2025-12-03T18:40:08.361Z","397"
"33","6","2025-08-25","late","2025-12-03T18:40:08.362Z","398"
"33","7","2025-08-25","present","2025-12-03T18:40:08.365Z","399"
"33","8","2025-08-25","absent","2025-12-03T18:40:08.367Z","400"
"33","9","2025-08-25","present","2025-12-03T18:40:08.369Z","401"
"33","10","2025-08-25","present","2025-12-03T18:40:08.371Z","402"
"33","11","2025-08-25","present","2025-12-03T18:40:08.371Z","403"
"33","12","2025-08-25","late","2025-12-03T18:40:08.372Z","404"
"33","13","2025-08-25","present","2025-12-03T18:40:08.372Z","405"
"33","14","2025-08-25","present","2025-12-03T18:40:08.372Z","406"
"33","15","2025-08-25","present","2025-12-03T18:40:08.373Z","407"
"33","16","2025-08-25","absent","2025-12-03T18:40:08.373Z","408"
"33","17","2025-08-25","present","2025-12-03T18:40:08.373Z","409"
"33","18","2025-08-25","present","2025-12-03T18:40:08.374Z","410"
"33","19","2025-08-25","present","2025-12-03T18:40:08.375Z","411"
"33","20","2025-08-25","late","2025-12-03T18:40:08.376Z","412"
"33","21","2025-08-25","present","2025-12-03T18:40:08.377Z","413"
"33","22","2025-08-25","present","2025-12-03T18:40:08.377Z","414"
"33","23","2025-08-25","absent","2025-12-03T18:40:08.377Z","415"
"33","24","2025-08-25","present","2025-12-03T18:40:08.378Z","416"
"33","25","2025-08-25","present","2025-12-03T18:40:08.378Z","417"
"33","26","2025-08-25","present","2025-12-03T18:40:08.378Z","418"
"33","27","2025-08-25","present","2025-12-03T18:40:08.378Z","419"
"33","28","2025-08-25","absent","2025-12-03T18:40:08.382Z","420"
"33","29","2025-08-25","present","2025-12-03T18:40:08.384Z","421"
"33","30","2025-08-25","late","2025-12-03T18:40:08.386Z","422"
"33","31","2025-08-25","present","2025-12-03T18:40:08.388Z","423"
"33","32","2025-08-25","present","2025-12-03T18:40:08.389Z","424"
"33","33","2025-08-25","present","2025-12-03T18:40:08.389Z","425"
"33","34","2025-08-25","absent","2025-12-03T18:40:08.390Z","426"
"33","35","2025-08-25","present","2025-12-03T18:40:08.390Z","427"
"33","36","2025-08-25","present","2025-12-03T18:40:08.392Z","428"
"33","37","2025-08-25","present","2025-12-03T18:40:08.394Z","429"
"33","38","2025-08-25","present","2025-12-03T18:40:08.394Z","430"
"33","53","2025-08-25","absent","2025-12-03T18:40:08.395Z","431"
"33","54","2025-08-25","present","2025-12-03T18:40:08.399Z","432"
"33","1","2025-08-26","absent","2025-12-03T18:40:41.258Z","433"
"33","2","2025-08-26","present","2025-12-03T18:40:41.259Z","434"
"33","3","2025-08-26","present","2025-12-03T18:40:41.260Z","435"
"33","4","2025-08-26","late","2025-12-03T18:40:41.261Z","436"
"33","5","2025-08-26","absent","2025-12-03T18:40:41.261Z","437"
"33","6","2025-08-26","present","2025-12-03T18:40:41.262Z","438"
"33","7","2025-08-26","present","2025-12-03T18:40:41.266Z","439"
"33","8","2025-08-26","present","2025-12-03T18:40:41.267Z","440"
"33","9","2025-08-26","late","2025-12-03T18:40:41.269Z","441"
"33","10","2025-08-26","present","2025-12-03T18:40:41.271Z","442"
"33","11","2025-08-26","present","2025-12-03T18:40:41.271Z","443"
"33","12","2025-08-26","present","2025-12-03T18:40:41.272Z","444"
"33","13","2025-08-26","absent","2025-12-03T18:40:41.272Z","445"
"33","14","2025-08-26","present","2025-12-03T18:40:41.272Z","446"
"33","15","2025-08-26","present","2025-12-03T18:40:41.273Z","447"
"33","16","2025-08-26","present","2025-12-03T18:40:41.273Z","448"
"33","17","2025-08-26","absent","2025-12-03T18:40:41.274Z","449"
"33","18","2025-08-26","present","2025-12-03T18:40:41.275Z","450"
"33","19","2025-08-26","late","2025-12-03T18:40:41.276Z","451"
"33","20","2025-08-26","present","2025-12-03T18:40:41.276Z","452"
"33","21","2025-08-26","present","2025-12-03T18:40:41.277Z","453"
"33","22","2025-08-26","present","2025-12-03T18:40:41.277Z","454"
"33","23","2025-08-26","present","2025-12-03T18:40:41.277Z","455"
"33","24","2025-08-26","absent","2025-12-03T18:40:41.277Z","456"
"33","25","2025-08-26","present","2025-12-03T18:40:41.278Z","457"
"33","26","2025-08-26","present","2025-12-03T18:40:41.278Z","458"
"33","27","2025-08-26","late","2025-12-03T18:40:41.282Z","459"
"33","28","2025-08-26","present","2025-12-03T18:40:41.283Z","460"
"33","29","2025-08-26","absent","2025-12-03T18:40:41.285Z","461"
"33","30","2025-08-26","present","2025-12-03T18:40:41.286Z","462"
"33","31","2025-08-26","present","2025-12-03T18:40:41.287Z","463"
"33","32","2025-08-26","present","2025-12-03T18:40:41.287Z","464"
"33","33","2025-08-26","late","2025-12-03T18:40:41.288Z","465"
"33","34","2025-08-26","present","2025-12-03T18:40:41.288Z","466"
"33","35","2025-08-26","present","2025-12-03T18:40:41.289Z","467"
"33","36","2025-08-26","absent","2025-12-03T18:40:41.289Z","468"
"33","37","2025-08-26","present","2025-12-03T18:40:41.289Z","469"
"33","38","2025-08-26","present","2025-12-03T18:40:41.289Z","470"
"33","53","2025-08-26","present","2025-12-03T18:40:41.291Z","471"
"33","54","2025-08-26","late","2025-12-03T18:40:41.292Z","472"
"20","349","2025-12-04","present","2025-12-04T07:20:45.981Z","473"
"20","350","2025-12-04","present","2025-12-04T07:20:45.981Z","474"
"20","351","2025-12-04","present","2025-12-04T07:20:45.981Z","475"
"20","352","2025-12-04","present","2025-12-04T07:20:45.981Z","476"
"20","353","2025-12-04","absent","2025-12-04T07:20:45.981Z","477"
"20","354","2025-12-04","present","2025-12-04T07:20:45.981Z","478"
"20","355","2025-12-04","present","2025-12-04T07:20:45.981Z","479"
"20","356","2025-12-04","absent","2025-12-04T07:20:45.981Z","480"
"20","357","2025-12-04","absent","2025-12-04T07:20:45.981Z","481"
"20","358","2025-12-04","absent","2025-12-04T07:20:45.981Z","482"
"20","359","2025-12-04","absent","2025-12-04T07:20:45.981Z","483"
"20","360","2025-12-04","absent","2025-12-04T07:20:45.981Z","484"
"20","361","2025-12-04","absent","2025-12-04T07:20:45.981Z","485"
"20","362","2025-12-04","absent","2025-12-04T07:20:45.981Z","486"
"20","363","2025-12-04","absent","2025-12-04T07:20:45.981Z","487"
"20","364","2025-12-04","absent","2025-12-04T07:20:45.981Z","488"
"20","365","2025-12-04","absent","2025-12-04T07:20:45.981Z","489"
"20","366","2025-12-04","absent","2025-12-04T07:20:45.981Z","490"
"20","367","2025-12-04","absent","2025-12-04T07:20:45.982Z","491"
"20","368","2025-12-04","absent","2025-12-04T07:20:45.982Z","492"
"20","369","2025-12-04","absent","2025-12-04T07:20:45.982Z","493"
"20","370","2025-12-04","absent","2025-12-04T07:20:45.982Z","494"
"20","371","2025-12-04","absent","2025-12-04T07:20:45.982Z","495"
"20","372","2025-12-04","absent","2025-12-04T07:20:45.982Z","496"
"20","373","2025-12-04","absent","2025-12-04T07:20:45.982Z","497"
"20","374","2025-12-04","absent","2025-12-04T07:20:45.982Z","498"
"20","375","2025-12-04","absent","2025-12-04T07:20:45.982Z","499"
"20","376","2025-12-04","absent","2025-12-04T07:20:45.982Z","500"
"20","377","2025-12-04","absent","2025-12-04T07:20:45.982Z","501"
"20","378","2025-12-04","absent","2025-12-04T07:20:45.982Z","502"
"20","379","2025-12-04","absent","2025-12-04T07:20:45.982Z","503"
"20","380","2025-12-04","absent","2025-12-04T07:20:45.982Z","504"
"20","381","2025-12-04","absent","2025-12-04T07:20:45.982Z","505"
"20","382","2025-12-04","absent","2025-12-04T07:20:45.982Z","506"
"35","1","2025-12-04","present","2025-12-04T07:21:20.898Z","507"
"35","2","2025-12-04","present","2025-12-04T07:21:20.898Z","508"
"35","3","2025-12-04","absent","2025-12-04T07:21:20.898Z","509"
"35","4","2025-12-04","present","2025-12-04T07:21:20.898Z","510"
"35","5","2025-12-04","present","2025-12-04T07:21:20.898Z","511"
"35","6","2025-12-04","absent","2025-12-04T07:21:20.898Z","512"
"35","7","2025-12-04","present","2025-12-04T07:21:20.898Z","513"
"35","8","2025-12-04","absent","2025-12-04T07:21:20.898Z","514"
"35","9","2025-12-04","present","2025-12-04T07:21:20.898Z","515"
"35","10","2025-12-04","present","2025-12-04T07:21:20.898Z","516"
"35","11","2025-12-04","present","2025-12-04T07:21:20.899Z","517"
"35","12","2025-12-04","absent","2025-12-04T07:21:20.899Z","518"
"35","13","2025-12-04","present","2025-12-04T07:21:20.899Z","519"
"35","14","2025-12-04","present","2025-12-04T07:21:20.899Z","520"
"35","15","2025-12-04","present","2025-12-04T07:21:20.899Z","521"
"35","16","2025-12-04","absent","2025-12-04T07:21:20.899Z","522"
"35","17","2025-12-04","present","2025-12-04T07:21:20.899Z","523"
"35","18","2025-12-04","present","2025-12-04T07:21:20.899Z","524"
"35","19","2025-12-04","present","2025-12-04T07:21:20.899Z","525"
"35","20","2025-12-04","absent","2025-12-04T07:21:20.899Z","526"
"35","21","2025-12-04","present","2025-12-04T07:21:20.899Z","527"
"35","22","2025-12-04","present","2025-12-04T07:21:20.899Z","528"
"35","23","2025-12-04","absent","2025-12-04T07:21:20.899Z","529"
"35","24","2025-12-04","present","2025-12-04T07:21:20.899Z","530"
"35","25","2025-12-04","present","2025-12-04T07:21:20.899Z","531"
"35","26","2025-12-04","present","2025-12-04T07:21:20.899Z","532"
"35","27","2025-12-04","present","2025-12-04T07:21:20.899Z","533"
"35","28","2025-12-04","absent","2025-12-04T07:21:20.899Z","534"
"35","29","2025-12-04","present","2025-12-04T07:21:20.899Z","535"
"35","30","2025-12-04","absent","2025-12-04T07:21:20.899Z","536"
"35","31","2025-12-04","present","2025-12-04T07:21:20.899Z","537"
"35","32","2025-12-04","present","2025-12-04T07:21:20.900Z","538"
"35","33","2025-12-04","present","2025-12-04T07:21:20.900Z","539"
"35","34","2025-12-04","absent","2025-12-04T07:21:20.900Z","540"
"35","35","2025-12-04","present","2025-12-04T07:21:20.900Z","541"
"35","36","2025-12-04","present","2025-12-04T07:21:20.900Z","542"
"35","37","2025-12-04","present","2025-12-04T07:21:20.900Z","543"
"35","38","2025-12-04","present","2025-12-04T07:21:20.900Z","544"
"35","53","2025-12-04","absent","2025-12-04T07:21:20.900Z","545"
"35","54","2025-12-04","present","2025-12-04T07:21:20.900Z","546"
"35","39","2025-12-04","absent","2025-12-04T07:21:20.900Z","547"
"35","40","2025-12-04","absent","2025-12-04T07:21:20.900Z","548"
"35","41","2025-12-04","absent","2025-12-04T07:21:20.900Z","549"
"35","42","2025-12-04","absent","2025-12-04T07:21:20.900Z","550"
"35","43","2025-12-04","absent","2025-12-04T07:21:20.900Z","551"
"35","44","2025-12-04","absent","2025-12-04T07:21:20.900Z","552"
"35","45","2025-12-04","absent","2025-12-04T07:21:20.900Z","553"
"35","46","2025-12-04","absent","2025-12-04T07:21:20.900Z","554"
"35","47","2025-12-04","absent","2025-12-04T07:21:20.900Z","555"
"35","48","2025-12-04","absent","2025-12-04T07:21:20.900Z","556"
"35","49","2025-12-04","absent","2025-12-04T07:21:20.900Z","557"
"35","50","2025-12-04","absent","2025-12-04T07:21:20.900Z","558"
"35","51","2025-12-04","absent","2025-12-04T07:21:20.900Z","559"
"35","52","2025-12-04","absent","2025-12-04T07:21:20.900Z","560"
"35","55","2025-12-04","absent","2025-12-04T07:21:20.900Z","561"
"35","56","2025-12-04","absent","2025-12-04T07:21:20.900Z","562"
"36","1","2025-12-04","present","2025-12-04T07:27:18.784Z","563"
"36","2","2025-12-04","present","2025-12-04T07:27:18.784Z","564"
"36","3","2025-12-04","absent","2025-12-04T07:27:18.784Z","565"
"36","4","2025-12-04","present","2025-12-04T07:27:18.784Z","566"
"36","5","2025-12-04","present","2025-12-04T07:27:18.784Z","567"
"36","6","2025-12-04","absent","2025-12-04T07:27:18.784Z","568"
"36","7","2025-12-04","present","2025-12-04T07:27:18.784Z","569"
"36","8","2025-12-04","absent","2025-12-04T07:27:18.784Z","570"
"36","9","2025-12-04","present","2025-12-04T07:27:18.784Z","571"
"36","10","2025-12-04","present","2025-12-04T07:27:18.784Z","572"
"36","11","2025-12-04","present","2025-12-04T07:27:18.784Z","573"
"36","12","2025-12-04","absent","2025-12-04T07:27:18.784Z","574"
"36","13","2025-12-04","present","2025-12-04T07:27:18.784Z","575"
"36","14","2025-12-04","present","2025-12-04T07:27:18.784Z","576"
"36","15","2025-12-04","present","2025-12-04T07:27:18.784Z","577"
"36","16","2025-12-04","absent","2025-12-04T07:27:18.784Z","578"
"36","17","2025-12-04","present","2025-12-04T07:27:18.784Z","579"
"36","18","2025-12-04","present","2025-12-04T07:27:18.784Z","580"
"36","19","2025-12-04","present","2025-12-04T07:27:18.784Z","581"
"36","20","2025-12-04","absent","2025-12-04T07:27:18.784Z","582"
"36","21","2025-12-04","present","2025-12-04T07:27:18.784Z","583"
"36","22","2025-12-04","present","2025-12-04T07:27:18.785Z","584"
"36","23","2025-12-04","absent","2025-12-04T07:27:18.785Z","585"
"36","24","2025-12-04","present","2025-12-04T07:27:18.785Z","586"
"36","25","2025-12-04","present","2025-12-04T07:27:18.785Z","587"
"36","26","2025-12-04","present","2025-12-04T07:27:18.785Z","588"
"36","27","2025-12-04","present","2025-12-04T07:27:18.785Z","589"
"36","28","2025-12-04","absent","2025-12-04T07:27:18.785Z","590"
"36","29","2025-12-04","present","2025-12-04T07:27:18.785Z","591"
"36","30","2025-12-04","absent","2025-12-04T07:27:18.785Z","592"
"36","31","2025-12-04","present","2025-12-04T07:27:18.785Z","593"
"36","32","2025-12-04","present","2025-12-04T07:27:18.785Z","594"
"36","33","2025-12-04","present","2025-12-04T07:27:18.785Z","595"
"36","34","2025-12-04","absent","2025-12-04T07:27:18.785Z","596"
"36","35","2025-12-04","present","2025-12-04T07:27:18.785Z","597"
"36","36","2025-12-04","present","2025-12-04T07:27:18.785Z","598"
"36","37","2025-12-04","present","2025-12-04T07:27:18.785Z","599"
"36","38","2025-12-04","present","2025-12-04T07:27:18.785Z","600"
"36","39","2025-12-04","absent","2025-12-04T07:27:18.785Z","601"
"36","40","2025-12-04","absent","2025-12-04T07:27:18.785Z","602"
"36","41","2025-12-04","absent","2025-12-04T07:27:18.785Z","603"
"36","42","2025-12-04","absent","2025-12-04T07:27:18.785Z","604"
"36","43","2025-12-04","absent","2025-12-04T07:27:18.785Z","605"
"36","44","2025-12-04","absent","2025-12-04T07:27:18.785Z","606"
"36","45","2025-12-04","absent","2025-12-04T07:27:18.785Z","607"
"36","46","2025-12-04","absent","2025-12-04T07:27:18.785Z","608"
"36","47","2025-12-04","absent","2025-12-04T07:27:18.785Z","609"
"36","48","2025-12-04","absent","2025-12-04T07:27:18.785Z","610"
"36","49","2025-12-04","absent","2025-12-04T07:27:18.785Z","611"
"36","50","2025-12-04","absent","2025-12-04T07:27:18.785Z","612"
"36","51","2025-12-04","absent","2025-12-04T07:27:18.785Z","613"
"36","52","2025-12-04","absent","2025-12-04T07:27:18.785Z","614"
"36","53","2025-12-04","absent","2025-12-04T07:27:18.785Z","615"
"36","54","2025-12-04","present","2025-12-04T07:27:18.785Z","616"
"36","55","2025-12-04","absent","2025-12-04T07:27:18.785Z","617"
"36","56","2025-12-04","absent","2025-12-04T07:27:18.785Z","618"
"31","1","2025-12-04","present","2025-12-04T12:29:07.193Z","619"
"31","2","2025-12-04","present","2025-12-04T12:29:07.193Z","620"
"31","3","2025-12-04","present","2025-12-04T12:29:07.193Z","621"
"31","4","2025-12-04","present","2025-12-04T12:29:07.193Z","622"
"31","5","2025-12-04","present","2025-12-04T12:29:07.193Z","623"
"31","6","2025-12-04","present","2025-12-04T12:29:07.193Z","624"
"31","7","2025-12-04","present","2025-12-04T12:29:07.193Z","625"
"31","8","2025-12-04","present","2025-12-04T12:29:07.193Z","626"
"31","9","2025-12-04","present","2025-12-04T12:29:07.193Z","627"
"31","10","2025-12-04","present","2025-12-04T12:29:07.193Z","628"
"31","11","2025-12-04","present","2025-12-04T12:29:07.193Z","629"
"31","12","2025-12-04","absent","2025-12-04T12:29:07.193Z","630"
"31","13","2025-12-04","present","2025-12-04T12:29:07.194Z","631"
"31","14","2025-12-04","absent","2025-12-04T12:29:07.194Z","632"
"31","15","2025-12-04","present","2025-12-04T12:29:07.194Z","633"
"31","16","2025-12-04","absent","2025-12-04T12:29:07.194Z","634"
"31","17","2025-12-04","absent","2025-12-04T12:29:07.194Z","635"
"31","18","2025-12-04","absent","2025-12-04T12:29:07.194Z","636"
"31","19","2025-12-04","absent","2025-12-04T12:29:07.194Z","637"
"31","20","2025-12-04","absent","2025-12-04T12:29:07.194Z","638"
"31","21","2025-12-04","absent","2025-12-04T12:29:07.194Z","639"
"31","22","2025-12-04","absent","2025-12-04T12:29:07.194Z","640"
"31","23","2025-12-04","absent","2025-12-04T12:29:07.194Z","641"
"31","24","2025-12-04","absent","2025-12-04T12:29:07.194Z","642"
"31","25","2025-12-04","absent","2025-12-04T12:29:07.194Z","643"
"31","26","2025-12-04","absent","2025-12-04T12:29:07.194Z","644"
"31","27","2025-12-04","absent","2025-12-04T12:29:07.194Z","645"
"31","28","2025-12-04","absent","2025-12-04T12:29:07.194Z","646"
"31","29","2025-12-04","absent","2025-12-04T12:29:07.194Z","647"
"31","30","2025-12-04","absent","2025-12-04T12:29:07.194Z","648"
"31","31","2025-12-04","absent","2025-12-04T12:29:07.194Z","649"
"31","32","2025-12-04","absent","2025-12-04T12:29:07.194Z","650"
"31","33","2025-12-04","absent","2025-12-04T12:29:07.194Z","651"
"31","34","2025-12-04","absent","2025-12-04T12:29:07.194Z","652"
"31","35","2025-12-04","absent","2025-12-04T12:29:07.194Z","653"
"31","36","2025-12-04","absent","2025-12-04T12:29:07.194Z","654"
"31","37","2025-12-04","absent","2025-12-04T12:29:07.194Z","655"
"31","38","2025-12-04","absent","2025-12-04T12:29:07.194Z","656"
"31","39","2025-12-04","absent","2025-12-04T12:29:07.194Z","657"
"31","40","2025-12-04","absent","2025-12-04T12:29:07.194Z","658"
"31","41","2025-12-04","absent","2025-12-04T12:29:07.194Z","659"
"31","42","2025-12-04","absent","2025-12-04T12:29:07.194Z","660"
"31","43","2025-12-04","absent","2025-12-04T12:29:07.194Z","661"
"31","44","2025-12-04","absent","2025-12-04T12:29:07.194Z","662"
"31","45","2025-12-04","absent","2025-12-04T12:29:07.194Z","663"
"31","46","2025-12-04","absent","2025-12-04T12:29:07.194Z","664"
"31","47","2025-12-04","absent","2025-12-04T12:29:07.194Z","665"
"31","48","2025-12-04","absent","2025-12-04T12:29:07.194Z","666"
"31","49","2025-12-04","absent","2025-12-04T12:29:07.194Z","667"
"31","50","2025-12-04","present","2025-12-04T12:29:07.194Z","668"
"31","51","2025-12-04","absent","2025-12-04T12:29:07.194Z","669"
"31","52","2025-12-04","absent","2025-12-04T12:29:07.194Z","670"
"31","53","2025-12-04","absent","2025-12-04T12:29:07.194Z","671"
"31","54","2025-12-04","absent","2025-12-04T12:29:07.194Z","672"
"31","55","2025-12-04","absent","2025-12-04T12:29:07.194Z","673"
"31","56","2025-12-04","absent","2025-12-04T12:29:07.194Z","674"
"43","1798","2025-12-10","absent","2025-12-10T16:05:03.706Z","675"
"43","1799","2025-12-10","present","2025-12-10T16:05:03.707Z","676"
"43","1800","2025-12-10","present","2025-12-10T16:05:03.707Z","677"
"43","1801","2025-12-10","present","2025-12-10T16:05:03.707Z","678"
"43","1802","2025-12-10","present","2025-12-10T16:05:03.707Z","679"
"43","1803","2025-12-10","present","2025-12-10T16:05:03.707Z","680"
"43","1804","2025-12-10","absent","2025-12-10T16:05:03.707Z","681"
"43","1805","2025-12-10","present","2025-12-10T16:05:03.707Z","682"
"43","1806","2025-12-10","present","2025-12-10T16:05:03.707Z","683"
"43","1807","2025-12-10","present","2025-12-10T16:05:03.707Z","684"
"43","1808","2025-12-10","absent","2025-12-10T16:05:03.707Z","685"
"43","1809","2025-12-10","present","2025-12-10T16:05:03.707Z","686"
"43","1810","2025-12-10","present","2025-12-10T16:05:03.707Z","687"
"43","1811","2025-12-10","present","2025-12-10T16:05:03.707Z","688"
"43","1812","2025-12-10","present","2025-12-10T16:05:03.707Z","689"
"43","1813","2025-12-10","present","2025-12-10T16:05:03.707Z","690"
"43","1814","2025-12-10","present","2025-12-10T16:05:03.707Z","691"
"43","1815","2025-12-10","absent","2025-12-10T16:05:03.707Z","692"
"43","1816","2025-12-10","present","2025-12-10T16:05:03.707Z","693"
"43","1817","2025-12-10","present","2025-12-10T16:05:03.707Z","694"
"43","1818","2025-12-10","present","2025-12-10T16:05:03.707Z","695"
"43","1819","2025-12-10","present","2025-12-10T16:05:03.707Z","696"
"43","1820","2025-12-10","present","2025-12-10T16:05:03.707Z","697"
"43","1821","2025-12-10","present","2025-12-10T16:05:03.707Z","698"
"43","1822","2025-12-10","absent","2025-12-10T16:05:03.707Z","699"
"43","1823","2025-12-10","present","2025-12-10T16:05:03.707Z","700"
"43","1824","2025-12-10","present","2025-12-10T16:05:03.707Z","701"
"43","1825","2025-12-10","present","2025-12-10T16:05:03.707Z","702"
"43","1826","2025-12-10","present","2025-12-10T16:05:03.707Z","703"
"43","1827","2025-12-10","present","2025-12-10T16:05:03.707Z","704"
"43","1828","2025-12-10","absent","2025-12-10T16:05:03.707Z","705"
"43","1829","2025-12-10","present","2025-12-10T16:05:03.707Z","706"
"43","1830","2025-12-10","present","2025-12-10T16:05:03.707Z","707"
"43","1831","2025-12-10","present","2025-12-10T16:05:03.707Z","708"
"43","1832","2025-12-10","present","2025-12-10T16:05:03.707Z","709"
"43","1833","2025-12-10","present","2025-12-10T16:05:03.707Z","710"
"43","1834","2025-12-10","absent","2025-12-10T16:05:03.707Z","711"
"43","1835","2025-12-10","present","2025-12-10T16:05:03.707Z","712"
"43","1850","2025-12-10","present","2025-12-10T16:05:03.708Z","713"
"43","1851","2025-12-10","present","2025-12-10T16:05:03.708Z","714"
"43","1836","2025-12-10","absent","2025-12-10T16:05:03.707Z","715"
"43","1837","2025-12-10","absent","2025-12-10T16:05:03.707Z","716"
"43","1838","2025-12-10","absent","2025-12-10T16:05:03.707Z","717"
"43","1839","2025-12-10","absent","2025-12-10T16:05:03.707Z","718"
"43","1840","2025-12-10","absent","2025-12-10T16:05:03.707Z","719"
"43","1841","2025-12-10","absent","2025-12-10T16:05:03.707Z","720"
"43","1842","2025-12-10","absent","2025-12-10T16:05:03.707Z","721"
"43","1843","2025-12-10","absent","2025-12-10T16:05:03.707Z","722"
"43","1844","2025-12-10","absent","2025-12-10T16:05:03.707Z","723"
"43","1845","2025-12-10","absent","2025-12-10T16:05:03.707Z","724"
"43","1846","2025-12-10","absent","2025-12-10T16:05:03.708Z","725"
"43","1847","2025-12-10","absent","2025-12-10T16:05:03.708Z","726"
"43","1848","2025-12-10","absent","2025-12-10T16:05:03.708Z","727"
"43","1849","2025-12-10","absent","2025-12-10T16:05:03.708Z","728"
"43","1852","2025-12-10","absent","2025-12-10T16:05:03.708Z","729"
"43","1853","2025-12-10","absent","2025-12-10T16:05:03.708Z","730"
"43","1798","2025-12-11","present","2025-12-11T05:32:40.736Z","731"
"43","1799","2025-12-11","present","2025-12-11T05:32:40.737Z","732"
"43","1800","2025-12-11","present","2025-12-11T05:32:40.737Z","733"
"43","1801","2025-12-11","present","2025-12-11T05:32:40.737Z","734"
"43","1802","2025-12-11","present","2025-12-11T05:32:40.737Z","735"
"43","1803","2025-12-11","present","2025-12-11T05:32:40.737Z","736"
"43","1804","2025-12-11","present","2025-12-11T05:32:40.737Z","737"
"43","1805","2025-12-11","present","2025-12-11T05:32:40.737Z","738"
"43","1806","2025-12-11","present","2025-12-11T05:32:40.737Z","739"
"43","1807","2025-12-11","present","2025-12-11T05:32:40.737Z","740"
"43","1808","2025-12-11","absent","2025-12-11T05:32:40.737Z","741"
"43","1809","2025-12-11","present","2025-12-11T05:32:40.737Z","742"
"43","1810","2025-12-11","present","2025-12-11T05:32:40.737Z","743"
"43","1811","2025-12-11","present","2025-12-11T05:32:40.737Z","744"
"43","1812","2025-12-11","present","2025-12-11T05:32:40.737Z","745"
"43","1813","2025-12-11","present","2025-12-11T05:32:40.737Z","746"
"43","1814","2025-12-11","present","2025-12-11T05:32:40.737Z","747"
"43","1815","2025-12-11","absent","2025-12-11T05:32:40.737Z","748"
"43","1816","2025-12-11","absent","2025-12-11T05:32:40.737Z","749"
"43","1817","2025-12-11","present","2025-12-11T05:32:40.737Z","750"
"43","1818","2025-12-11","present","2025-12-11T05:32:40.737Z","751"
"43","1819","2025-12-11","present","2025-12-11T05:32:40.737Z","752"
"43","1820","2025-12-11","present","2025-12-11T05:32:40.737Z","753"
"43","1821","2025-12-11","present","2025-12-11T05:32:40.737Z","754"
"43","1822","2025-12-11","absent","2025-12-11T05:32:40.737Z","755"
"43","1823","2025-12-11","present","2025-12-11T05:32:40.737Z","756"
"43","1824","2025-12-11","present","2025-12-11T05:32:40.737Z","757"
"43","1825","2025-12-11","present","2025-12-11T05:32:40.737Z","758"
"43","1826","2025-12-11","present","2025-12-11T05:32:40.737Z","759"
"43","1827","2025-12-11","present","2025-12-11T05:32:40.737Z","760"
"43","1828","2025-12-11","present","2025-12-11T05:32:40.737Z","761"
"43","1829","2025-12-11","present","2025-12-11T05:32:40.738Z","762"
"43","1830","2025-12-11","present","2025-12-11T05:32:40.738Z","763"
"43","1831","2025-12-11","present","2025-12-11T05:32:40.738Z","764"
"43","1832","2025-12-11","present","2025-12-11T05:32:40.738Z","765"
"43","1833","2025-12-11","present","2025-12-11T05:32:40.738Z","766"
"43","1834","2025-12-11","present","2025-12-11T05:32:40.738Z","767"
"43","1835","2025-12-11","present","2025-12-11T05:32:40.738Z","768"
"43","1850","2025-12-11","absent","2025-12-11T05:32:40.738Z","769"
"43","1851","2025-12-11","absent","2025-12-11T05:32:40.738Z","770"
"43","1836","2025-12-11","present","2025-12-11T05:32:40.738Z","771"
"43","1837","2025-12-11","present","2025-12-11T05:32:40.738Z","772"
"43","1838","2025-12-11","present","2025-12-11T05:32:40.738Z","773"
"43","1839","2025-12-11","present","2025-12-11T05:32:40.738Z","774"
"43","1840","2025-12-11","present","2025-12-11T05:32:40.738Z","775"
"43","1841","2025-12-11","present","2025-12-11T05:32:40.738Z","776"
"43","1842","2025-12-11","present","2025-12-11T05:32:40.738Z","777"
"43","1843","2025-12-11","present","2025-12-11T05:32:40.738Z","778"
"43","1844","2025-12-11","present","2025-12-11T05:32:40.738Z","779"
"43","1845","2025-12-11","present","2025-12-11T05:32:40.738Z","780"
"43","1846","2025-12-11","present","2025-12-11T05:32:40.738Z","781"
"43","1847","2025-12-11","present","2025-12-11T05:32:40.738Z","782"
"43","1848","2025-12-11","present","2025-12-11T05:32:40.738Z","783"
"43","1849","2025-12-11","present","2025-12-11T05:32:40.738Z","784"
"43","1852","2025-12-11","present","2025-12-11T05:32:40.738Z","785"
"43","1853","2025-12-11","present","2025-12-11T05:32:40.738Z","786"
"68","1798","2025-12-11","present","2025-12-11T11:05:34.868Z","787"
"68","1799","2025-12-11","present","2025-12-11T11:05:34.869Z","788"
"68","1800","2025-12-11","present","2025-12-11T11:05:34.869Z","789"
"68","1801","2025-12-11","present","2025-12-11T11:05:34.869Z","790"
"68","1802","2025-12-11","present","2025-12-11T11:05:34.869Z","791"
"68","1803","2025-12-11","present","2025-12-11T11:05:34.869Z","792"
"68","1804","2025-12-11","present","2025-12-11T11:05:34.869Z","793"
"68","1805","2025-12-11","present","2025-12-11T11:05:34.869Z","794"
"68","1806","2025-12-11","present","2025-12-11T11:05:34.870Z","795"
"68","1807","2025-12-11","present","2025-12-11T11:05:34.870Z","796"
"68","1808","2025-12-11","present","2025-12-11T11:05:34.870Z","797"
"68","1809","2025-12-11","present","2025-12-11T11:05:34.870Z","798"
"68","1810","2025-12-11","present","2025-12-11T11:05:34.870Z","799"
"68","1811","2025-12-11","present","2025-12-11T11:05:34.870Z","800"
"68","1812","2025-12-11","present","2025-12-11T11:05:34.870Z","801"
"68","1813","2025-12-11","present","2025-12-11T11:05:34.870Z","802"
"68","1814","2025-12-11","present","2025-12-11T11:05:34.870Z","803"
"68","1815","2025-12-11","present","2025-12-11T11:05:34.870Z","804"
"68","1816","2025-12-11","present","2025-12-11T11:05:34.870Z","805"
"68","1817","2025-12-11","present","2025-12-11T11:05:34.870Z","806"
"68","1818","2025-12-11","present","2025-12-11T11:05:34.870Z","807"
"68","1819","2025-12-11","present","2025-12-11T11:05:34.870Z","808"
"68","1820","2025-12-11","present","2025-12-11T11:05:34.870Z","809"
"68","1821","2025-12-11","present","2025-12-11T11:05:34.870Z","810"
"68","1822","2025-12-11","present","2025-12-11T11:05:34.870Z","811"
"68","1823","2025-12-11","present","2025-12-11T11:05:34.870Z","812"
"68","1824","2025-12-11","present","2025-12-11T11:05:34.870Z","813"
"68","1825","2025-12-11","present","2025-12-11T11:05:34.870Z","814"
"68","1826","2025-12-11","present","2025-12-11T11:05:34.870Z","815"
"68","1827","2025-12-11","present","2025-12-11T11:05:34.870Z","816"
"68","1828","2025-12-11","present","2025-12-11T11:05:34.870Z","817"
"68","1829","2025-12-11","present","2025-12-11T11:05:34.871Z","818"
"68","1830","2025-12-11","absent","2025-12-11T11:05:34.871Z","819"
"68","1831","2025-12-11","absent","2025-12-11T11:05:34.871Z","820"
"68","1832","2025-12-11","absent","2025-12-11T11:05:34.871Z","821"
"68","1833","2025-12-11","absent","2025-12-11T11:05:34.871Z","822"
"68","1834","2025-12-11","absent","2025-12-11T11:05:34.871Z","823"
"68","1835","2025-12-11","absent","2025-12-11T11:05:34.871Z","824"
"68","1836","2025-12-11","absent","2025-12-11T11:05:34.871Z","825"
"68","1837","2025-12-11","absent","2025-12-11T11:05:34.871Z","826"
"68","1838","2025-12-11","absent","2025-12-11T11:05:34.871Z","827"
"68","1839","2025-12-11","absent","2025-12-11T11:05:34.871Z","828"
"68","1840","2025-12-11","absent","2025-12-11T11:05:34.871Z","829"
"68","1841","2025-12-11","absent","2025-12-11T11:05:34.871Z","830"
"68","1842","2025-12-11","absent","2025-12-11T11:05:34.871Z","831"
"68","1843","2025-12-11","absent","2025-12-11T11:05:34.871Z","832"
"68","1844","2025-12-11","absent","2025-12-11T11:05:34.871Z","833"
"68","1845","2025-12-11","absent","2025-12-11T11:05:34.871Z","834"
"68","1846","2025-12-11","absent","2025-12-11T11:05:34.871Z","835"
"68","1847","2025-12-11","absent","2025-12-11T11:05:34.871Z","836"
"68","1848","2025-12-11","absent","2025-12-11T11:05:34.871Z","837"
"68","1849","2025-12-11","absent","2025-12-11T11:05:34.871Z","838"
"68","1850","2025-12-11","absent","2025-12-11T11:05:34.871Z","839"
"68","1851","2025-12-11","absent","2025-12-11T11:05:34.871Z","840"
"68","1852","2025-12-11","absent","2025-12-11T11:05:34.871Z","841"
"68","1853","2025-12-11","absent","2025-12-11T11:05:34.871Z","842"
"68","1798","2025-12-10","present","2025-12-11T11:09:43.808Z","843"
"68","1799","2025-12-10","present","2025-12-11T11:09:43.809Z","844"
"68","1800","2025-12-10","present","2025-12-11T11:09:43.809Z","845"
"68","1801","2025-12-10","present","2025-12-11T11:09:43.809Z","846"
"68","1802","2025-12-10","present","2025-12-11T11:09:43.809Z","847"
"68","1803","2025-12-10","present","2025-12-11T11:09:43.809Z","848"
"68","1804","2025-12-10","present","2025-12-11T11:09:43.809Z","849"
"68","1805","2025-12-10","present","2025-12-11T11:09:43.809Z","850"
"68","1806","2025-12-10","present","2025-12-11T11:09:43.809Z","851"
"68","1807","2025-12-10","present","2025-12-11T11:09:43.809Z","852"
"68","1808","2025-12-10","present","2025-12-11T11:09:43.809Z","853"
"68","1809","2025-12-10","present","2025-12-11T11:09:43.809Z","854"
"68","1810","2025-12-10","present","2025-12-11T11:09:43.809Z","855"
"68","1811","2025-12-10","present","2025-12-11T11:09:43.809Z","856"
"68","1812","2025-12-10","present","2025-12-11T11:09:43.809Z","857"
"68","1813","2025-12-10","present","2025-12-11T11:09:43.809Z","858"
"68","1814","2025-12-10","present","2025-12-11T11:09:43.809Z","859"
"68","1815","2025-12-10","present","2025-12-11T11:09:43.809Z","860"
"68","1816","2025-12-10","present","2025-12-11T11:09:43.809Z","861"
"68","1817","2025-12-10","present","2025-12-11T11:09:43.809Z","862"
"68","1818","2025-12-10","present","2025-12-11T11:09:43.809Z","863"
"68","1819","2025-12-10","present","2025-12-11T11:09:43.809Z","864"
"68","1820","2025-12-10","present","2025-12-11T11:09:43.810Z","865"
"68","1821","2025-12-10","present","2025-12-11T11:09:43.810Z","866"
"68","1822","2025-12-10","present","2025-12-11T11:09:43.810Z","867"
"68","1823","2025-12-10","present","2025-12-11T11:09:43.810Z","868"
"68","1824","2025-12-10","present","2025-12-11T11:09:43.810Z","869"
"68","1825","2025-12-10","present","2025-12-11T11:09:43.810Z","870"
"68","1826","2025-12-10","present","2025-12-11T11:09:43.810Z","871"
"68","1827","2025-12-10","present","2025-12-11T11:09:43.810Z","872"
"68","1828","2025-12-10","present","2025-12-11T11:09:43.810Z","873"
"68","1829","2025-12-10","present","2025-12-11T11:09:43.810Z","874"
"68","1830","2025-12-10","present","2025-12-11T11:09:43.810Z","875"
"68","1831","2025-12-10","present","2025-12-11T11:09:43.810Z","876"
"68","1832","2025-12-10","present","2025-12-11T11:09:43.810Z","877"
"68","1833","2025-12-10","present","2025-12-11T11:09:43.810Z","878"
"68","1834","2025-12-10","present","2025-12-11T11:09:43.810Z","879"
"68","1835","2025-12-10","present","2025-12-11T11:09:43.810Z","880"
"68","1836","2025-12-10","present","2025-12-11T11:09:43.810Z","881"
"68","1837","2025-12-10","present","2025-12-11T11:09:43.810Z","882"
"68","1838","2025-12-10","present","2025-12-11T11:09:43.810Z","883"
"68","1839","2025-12-10","present","2025-12-11T11:09:43.810Z","884"
"68","1840","2025-12-10","present","2025-12-11T11:09:43.810Z","885"
"68","1841","2025-12-10","present","2025-12-11T11:09:43.810Z","886"
"68","1842","2025-12-10","absent","2025-12-11T11:09:43.810Z","887"
"68","1843","2025-12-10","absent","2025-12-11T11:09:43.810Z","888"
"68","1844","2025-12-10","absent","2025-12-11T11:09:43.810Z","889"
"68","1845","2025-12-10","absent","2025-12-11T11:09:43.811Z","890"
"68","1846","2025-12-10","absent","2025-12-11T11:09:43.811Z","891"
"68","1847","2025-12-10","absent","2025-12-11T11:09:43.811Z","892"
"68","1848","2025-12-10","absent","2025-12-11T11:09:43.811Z","893"
"68","1849","2025-12-10","absent","2025-12-11T11:09:43.811Z","894"
"68","1850","2025-12-10","absent","2025-12-11T11:09:43.811Z","895"
"68","1851","2025-12-10","absent","2025-12-11T11:09:43.811Z","896"
"68","1852","2025-12-10","absent","2025-12-11T11:09:43.811Z","897"
"68","1853","2025-12-10","absent","2025-12-11T11:09:43.811Z","898"
"68","1798","2025-12-10","present","2025-12-11T11:09:43.840Z","899"
"68","1799","2025-12-10","present","2025-12-11T11:09:43.840Z","900"
"68","1800","2025-12-10","present","2025-12-11T11:09:43.840Z","901"
"68","1801","2025-12-10","present","2025-12-11T11:09:43.840Z","902"
"68","1802","2025-12-10","present","2025-12-11T11:09:43.840Z","903"
"68","1803","2025-12-10","present","2025-12-11T11:09:43.840Z","904"
"68","1804","2025-12-10","present","2025-12-11T11:09:43.841Z","905"
"68","1805","2025-12-10","present","2025-12-11T11:09:43.841Z","906"
"68","1806","2025-12-10","present","2025-12-11T11:09:43.841Z","907"
"68","1807","2025-12-10","present","2025-12-11T11:09:43.841Z","908"
"68","1808","2025-12-10","present","2025-12-11T11:09:43.841Z","909"
"68","1809","2025-12-10","present","2025-12-11T11:09:43.841Z","910"
"68","1810","2025-12-10","present","2025-12-11T11:09:43.841Z","911"
"68","1811","2025-12-10","present","2025-12-11T11:09:43.841Z","912"
"68","1812","2025-12-10","present","2025-12-11T11:09:43.841Z","913"
"68","1813","2025-12-10","present","2025-12-11T11:09:43.841Z","914"
"68","1814","2025-12-10","present","2025-12-11T11:09:43.841Z","915"
"68","1815","2025-12-10","present","2025-12-11T11:09:43.841Z","916"
"68","1816","2025-12-10","present","2025-12-11T11:09:43.841Z","917"
"68","1817","2025-12-10","present","2025-12-11T11:09:43.841Z","918"
"68","1818","2025-12-10","present","2025-12-11T11:09:43.841Z","919"
"68","1819","2025-12-10","present","2025-12-11T11:09:43.841Z","920"
"68","1820","2025-12-10","present","2025-12-11T11:09:43.841Z","921"
"68","1821","2025-12-10","present","2025-12-11T11:09:43.841Z","922"
"68","1822","2025-12-10","present","2025-12-11T11:09:43.841Z","923"
"68","1823","2025-12-10","present","2025-12-11T11:09:43.841Z","924"
"68","1824","2025-12-10","present","2025-12-11T11:09:43.841Z","925"
"68","1825","2025-12-10","present","2025-12-11T11:09:43.841Z","926"
"68","1826","2025-12-10","present","2025-12-11T11:09:43.841Z","927"
"68","1827","2025-12-10","present","2025-12-11T11:09:43.841Z","928"
"68","1828","2025-12-10","present","2025-12-11T11:09:43.841Z","929"
"68","1829","2025-12-10","present","2025-12-11T11:09:43.841Z","930"
"68","1830","2025-12-10","present","2025-12-11T11:09:43.841Z","931"
"68","1831","2025-12-10","present","2025-12-11T11:09:43.842Z","932"
"68","1832","2025-12-10","present","2025-12-11T11:09:43.842Z","933"
"68","1833","2025-12-10","present","2025-12-11T11:09:43.842Z","934"
"68","1834","2025-12-10","present","2025-12-11T11:09:43.842Z","935"
"68","1835","2025-12-10","present","2025-12-11T11:09:43.842Z","936"
"68","1836","2025-12-10","present","2025-12-11T11:09:43.842Z","937"
"68","1837","2025-12-10","present","2025-12-11T11:09:43.842Z","938"
"68","1838","2025-12-10","present","2025-12-11T11:09:43.842Z","939"
"68","1839","2025-12-10","present","2025-12-11T11:09:43.842Z","940"
"68","1840","2025-12-10","present","2025-12-11T11:09:43.842Z","941"
"68","1841","2025-12-10","present","2025-12-11T11:09:43.842Z","942"
"68","1842","2025-12-10","absent","2025-12-11T11:09:43.842Z","943"
"68","1843","2025-12-10","absent","2025-12-11T11:09:43.842Z","944"
"68","1844","2025-12-10","absent","2025-12-11T11:09:43.842Z","945"
"68","1845","2025-12-10","absent","2025-12-11T11:09:43.842Z","946"
"68","1846","2025-12-10","absent","2025-12-11T11:09:43.842Z","947"
"68","1847","2025-12-10","absent","2025-12-11T11:09:43.842Z","948"
"68","1848","2025-12-10","absent","2025-12-11T11:09:43.842Z","949"
"68","1849","2025-12-10","absent","2025-12-11T11:09:43.842Z","950"
"68","1850","2025-12-10","absent","2025-12-11T11:09:43.842Z","951"
"68","1851","2025-12-10","absent","2025-12-11T11:09:43.842Z","952"
"68","1852","2025-12-10","absent","2025-12-11T11:09:43.842Z","953"
"68","1853","2025-12-10","absent","2025-12-11T11:09:43.842Z","954"
"68","1798","2025-12-10","present","2025-12-11T11:09:43.857Z","955"
"68","1799","2025-12-10","present","2025-12-11T11:09:43.858Z","956"
"68","1800","2025-12-10","present","2025-12-11T11:09:43.858Z","957"
"68","1801","2025-12-10","present","2025-12-11T11:09:43.858Z","958"
"68","1802","2025-12-10","present","2025-12-11T11:09:43.858Z","959"
"68","1803","2025-12-10","present","2025-12-11T11:09:43.858Z","960"
"68","1804","2025-12-10","present","2025-12-11T11:09:43.858Z","961"
"68","1805","2025-12-10","present","2025-12-11T11:09:43.858Z","962"
"68","1806","2025-12-10","present","2025-12-11T11:09:43.858Z","963"
"68","1807","2025-12-10","present","2025-12-11T11:09:43.858Z","964"
"68","1808","2025-12-10","present","2025-12-11T11:09:43.858Z","965"
"68","1809","2025-12-10","present","2025-12-11T11:09:43.858Z","966"
"68","1810","2025-12-10","present","2025-12-11T11:09:43.858Z","967"
"68","1811","2025-12-10","present","2025-12-11T11:09:43.858Z","968"
"68","1812","2025-12-10","present","2025-12-11T11:09:43.858Z","969"
"68","1813","2025-12-10","present","2025-12-11T11:09:43.858Z","970"
"68","1814","2025-12-10","present","2025-12-11T11:09:43.858Z","971"
"68","1815","2025-12-10","present","2025-12-11T11:09:43.858Z","972"
"68","1816","2025-12-10","present","2025-12-11T11:09:43.858Z","973"
"68","1817","2025-12-10","present","2025-12-11T11:09:43.858Z","974"
"68","1818","2025-12-10","present","2025-12-11T11:09:43.858Z","975"
"68","1819","2025-12-10","present","2025-12-11T11:09:43.858Z","976"
"68","1820","2025-12-10","present","2025-12-11T11:09:43.858Z","977"
"68","1821","2025-12-10","present","2025-12-11T11:09:43.858Z","978"
"68","1822","2025-12-10","present","2025-12-11T11:09:43.858Z","979"
"68","1823","2025-12-10","present","2025-12-11T11:09:43.858Z","980"
"68","1824","2025-12-10","present","2025-12-11T11:09:43.858Z","981"
"68","1825","2025-12-10","present","2025-12-11T11:09:43.859Z","982"
"68","1826","2025-12-10","present","2025-12-11T11:09:43.859Z","983"
"68","1827","2025-12-10","present","2025-12-11T11:09:43.859Z","984"
"68","1828","2025-12-10","present","2025-12-11T11:09:43.859Z","985"
"68","1829","2025-12-10","present","2025-12-11T11:09:43.859Z","986"
"68","1830","2025-12-10","present","2025-12-11T11:09:43.859Z","987"
"68","1831","2025-12-10","present","2025-12-11T11:09:43.859Z","988"
"68","1832","2025-12-10","present","2025-12-11T11:09:43.859Z","989"
"68","1833","2025-12-10","present","2025-12-11T11:09:43.859Z","990"
"68","1834","2025-12-10","present","2025-12-11T11:09:43.859Z","991"
"68","1835","2025-12-10","present","2025-12-11T11:09:43.859Z","992"
"68","1836","2025-12-10","present","2025-12-11T11:09:43.859Z","993"
"68","1837","2025-12-10","present","2025-12-11T11:09:43.859Z","994"
"68","1838","2025-12-10","present","2025-12-11T11:09:43.859Z","995"
"68","1839","2025-12-10","present","2025-12-11T11:09:43.859Z","996"
"68","1840","2025-12-10","present","2025-12-11T11:09:43.859Z","997"
"68","1841","2025-12-10","present","2025-12-11T11:09:43.859Z","998"
"68","1842","2025-12-10","absent","2025-12-11T11:09:43.859Z","999"
"68","1843","2025-12-10","absent","2025-12-11T11:09:43.859Z","1000"
"68","1844","2025-12-10","absent","2025-12-11T11:09:43.859Z","1001"
"68","1845","2025-12-10","absent","2025-12-11T11:09:43.859Z","1002"
"68","1846","2025-12-10","absent","2025-12-11T11:09:43.859Z","1003"
"68","1847","2025-12-10","absent","2025-12-11T11:09:43.859Z","1004"
"68","1848","2025-12-10","absent","2025-12-11T11:09:43.859Z","1005"
"68","1849","2025-12-10","absent","2025-12-11T11:09:43.859Z","1006"
"68","1850","2025-12-10","absent","2025-12-11T11:09:43.859Z","1007"
"68","1851","2025-12-10","absent","2025-12-11T11:09:43.859Z","1008"
"68","1852","2025-12-10","absent","2025-12-11T11:09:43.859Z","1009"
"68","1853","2025-12-10","absent","2025-12-11T11:09:43.859Z","1010"